Global,Cache,Events,Threads,Read/Write Ratio,Scenario,Avg Total Time (ms),Median Total Time (ms),Max Total Time (ms),Avg Exec Time (ms),Median Exec Time (ms),Max Exec Time (ms),Avg Write Time (ms),Median Write Time (ms),Max Write Time (ms),Avg Read Time (ms),Median Read Time (ms),Max Read Time (ms)
256,64,500000,6,6,mutex-vector,907,900,1006,612,605,707,138,135,162,473,466,544
256,64,500000,6,6,rw-lock-vector,652,651,664,351,352,361,132,132,137,219,219,229
256,64,500000,6,6,double-moka,923,923,931,598,598,600,122,122,124,475,475,478
256,64,500000,6,6,mutex-arc-vector,1029,1027,1044,734,733,748,226,225,231,507,507,523
256,64,500000,6,6,rw-lock-arc-vector,828,825,849,530,528,552,233,235,244,296,296,315
256,64,500000,6,10,mutex-vector,1164,1162,1181,865,863,884,133,134,135,730,728,748
256,64,500000,6,10,rw-lock-vector,754,747,787,447,442,480,135,134,142,311,306,339
256,64,500000,6,10,double-moka,1128,1129,1141,800,800,806,121,121,123,678,678,683
256,64,500000,6,10,mutex-arc-vector,1260,1258,1286,965,962,980,212,211,217,752,751,768
256,64,500000,6,10,rw-lock-arc-vector,912,916,921,608,611,620,223,217,246,384,387,408
256,64,500000,6,16,mutex-vector,1586,1584,1613,1282,1284,1311,134,134,137,1147,1148,1175
256,64,500000,6,16,rw-lock-vector,909,914,973,600,608,665,139,137,149,459,464,518
256,64,500000,6,16,double-moka,1452,1451,1465,1122,1122,1129,118,118,121,1003,1004,1010
256,64,500000,6,16,mutex-arc-vector,1623,1620,1654,1332,1329,1361,201,201,206,1130,1128,1154
256,64,500000,6,16,rw-lock-arc-vector,1053,1063,1078,744,746,767,218,204,265,525,531,560
256,64,500000,10,6,mutex-vector,1129,1133,1164,939,940,971,197,198,203,740,741,767
256,64,500000,10,6,rw-lock-vector,923,925,947,721,722,745,264,263,275,456,454,475
256,64,500000,10,6,double-moka,698,698,714,492,492,502,99,99,102,392,391,402
256,64,500000,10,6,mutex-arc-vector,1248,1249,1257,1062,1063,1071,284,285,289,777,779,784
256,64,500000,10,6,rw-lock-arc-vector,1036,1032,1063,837,833,862,315,313,337,521,519,548
256,64,500000,10,10,mutex-vector,1454,1455,1474,1260,1262,1278,188,188,191,1071,1073,1087
256,64,500000,10,10,rw-lock-vector,1109,1113,1150,902,903,945,266,262,284,635,639,662
256,64,500000,10,10,double-moka,956,956,981,750,749,778,96,96,101,653,653,677
256,64,500000,10,10,mutex-arc-vector,1534,1535,1567,1355,1360,1395,267,268,280,1087,1091,1115
256,64,500000,10,10,rw-lock-arc-vector,1198,1198,1217,999,1001,1021,292,288,319,707,711,746
256,64,500000,10,16,mutex-vector,2013,2018,2064,1827,1831,1879,193,194,198,1633,1637,1681
256,64,500000,10,16,rw-lock-vector,1415,1420,1459,1212,1218,1259,284,285,308,927,934,964
256,64,500000,10,16,double-moka,1331,1325,1354,1122,1122,1143,96,96,98,1025,1026,1044
256,64,500000,10,16,mutex-arc-vector,1907,1906,1957,1732,1732,1779,242,242,255,1489,1488,1524
256,64,500000,10,16,rw-lock-arc-vector,1351,1345,1393,1147,1146,1189,268,267,314,879,888,933
256,64,500000,12,6,mutex-vector,1281,1281,1306,1113,1112,1140,237,237,243,875,875,896
256,64,500000,12,6,rw-lock-vector,1041,1053,1072,858,867,888,339,339,353,518,525,537
256,64,500000,12,6,double-moka,630,622,658,449,443,471,111,111,119,336,333,354
256,64,500000,12,6,mutex-arc-vector,1317,1313,1339,1170,1167,1194,309,308,318,860,858,879
256,64,500000,12,6,rw-lock-arc-vector,1091,1093,1106,928,928,944,334,337,350,592,583,620
256,64,500000,12,10,mutex-vector,1549,1555,1574,1384,1389,1412,209,210,216,1174,1179,1196
256,64,500000,12,10,rw-lock-vector,1201,1202,1229,1021,1025,1053,325,326,336,694,696,718
256,64,500000,12,10,double-moka,884,879,926,705,704,739,89,89,92,615,615,646
256,64,500000,12,10,mutex-arc-vector,1567,1569,1584,1416,1416,1434,275,275,281,1140,1142,1156
256,64,500000,12,10,rw-lock-arc-vector,1264,1243,1322,1093,1076,1150,324,319,361,768,754,830
256,64,500000,12,16,mutex-vector,2073,2078,2116,1897,1902,1939,200,201,205,1696,1700,1736
256,64,500000,12,16,rw-lock-vector,1484,1485,1571,1303,1307,1385,339,343,354,963,969,1038
256,64,500000,12,16,double-moka,1345,1351,1362,1153,1155,1170,85,85,87,1068,1069,1083
256,64,500000,12,16,mutex-arc-vector,1949,1944,1996,1793,1789,1841,245,246,250,1546,1543,1591
256,64,500000,12,16,rw-lock-arc-vector,1492,1480,1563,1309,1296,1382,312,315,337,996,1005,1054
256,64,500000,16,6,mutex-vector,1275,1275,1308,1132,1131,1166,237,237,245,894,895,920
256,64,500000,16,6,rw-lock-vector,1025,1023,1054,870,870,900,379,380,390,490,488,516
256,64,500000,16,6,double-moka,654,655,666,492,494,504,196,199,207,295,295,302
256,64,500000,16,6,mutex-arc-vector,1411,1414,1428,1282,1286,1298,333,334,337,948,949,962
256,64,500000,16,6,rw-lock-arc-vector,1213,1218,1257,1071,1078,1111,418,420,441,651,651,685
256,64,500000,16,10,mutex-vector,1595,1597,1606,1453,1455,1465,215,216,220,1236,1238,1248
256,64,500000,16,10,rw-lock-vector,1246,1248,1290,1090,1091,1138,399,400,415,690,684,722
256,64,500000,16,10,double-moka,717,708,757,556,545,602,95,96,101,459,448,513
256,64,500000,16,10,mutex-arc-vector,1670,1671,1686,1541,1542,1561,289,289,295,1251,1253,1265
256,64,500000,16,10,rw-lock-arc-vector,1391,1401,1461,1246,1259,1316,413,418,438,831,829,892
256,64,500000,16,16,mutex-vector,2066,2070,2099,1923,1929,1957,199,201,203,1723,1728,1754
256,64,500000,16,16,rw-lock-vector,1587,1582,1639,1431,1424,1479,449,448,472,981,984,1016
256,64,500000,16,16,double-moka,1475,1472,1503,1304,1304,1336,71,72,75,1231,1230,1264
256,64,500000,16,16,mutex-arc-vector,2077,2078,2117,1945,1948,1987,256,257,266,1689,1690,1722
256,64,500000,16,16,rw-lock-arc-vector,1631,1645,1683,1482,1495,1535,409,408,446,1072,1081,1129
256,128,500000,6,6,mutex-vector,974,976,985,663,662,675,160,160,163,502,504,513
256,128,500000,6,6,rw-lock-vector,721,722,732,403,405,415,160,160,166,242,244,253
256,128,500000,6,6,double-moka,946,948,962,617,616,626,127,126,130,490,490,496
256,128,500000,6,6,mutex-arc-vector,1060,1059,1092,765,765,795,241,242,250,523,523,544
256,128,500000,6,6,rw-lock-arc-vector,850,848,877,547,546,566,239,234,265,307,306,320
256,128,500000,6,10,mutex-vector,1220,1215,1248,910,904,939,151,151,156,758,756,784
256,128,500000,6,10,rw-lock-vector,825,816,863,505,500,543,160,158,176,344,340,367
256,128,500000,6,10,double-moka,1136,1137,1149,806,806,817,123,123,127,683,682,693
256,128,500000,6,10,mutex-arc-vector,1281,1278,1308,988,987,1012,224,223,228,763,763,785
256,128,500000,6,10,rw-lock-arc-vector,915,922,939,616,625,637,220,216,250,395,388,418
256,128,500000,6,16,mutex-vector,1580,1584,1604,1277,1281,1306,142,143,145,1134,1139,1161
256,128,500000,6,16,rw-lock-vector,983,998,1017,664,680,700,158,157,167,504,514,544
256,128,500000,6,16,double-moka,1421,1423,1434,1100,1100,1121,118,119,123,981,981,998
256,128,500000,6,16,mutex-arc-vector,1621,1622,1647,1333,1334,1356,207,208,213,1125,1125,1142
256,128,500000,6,16,rw-lock-arc-vector,1058,1062,1122,750,753,797,209,205,263,540,543,571
256,128,500000,10,6,mutex-vector,1243,1246,1271,1044,1046,1073,232,233,240,811,812,833
256,128,500000,10,6,rw-lock-vector,977,977,999,766,765,792,307,307,316,458,456,479
256,128,500000,10,6,double-moka,710,702,762,510,507,543,104,104,108,405,402,436
256,128,500000,10,6,mutex-arc-vector,1301,1305,1322,1126,1131,1144,306,306,313,820,822,832
256,128,500000,10,6,rw-lock-arc-vector,1064,1061,1093,873,869,899,322,324,331,551,550,577
256,128,500000,10,10,mutex-vector,1544,1552,1560,1342,1345,1359,210,211,214,1131,1132,1146
256,128,500000,10,10,rw-lock-vector,1143,1135,1192,926,918,974,297,298,311,628,619,672
256,128,500000,10,10,double-moka,921,920,939,726,724,743,98,98,101,627,625,641
256,128,500000,10,10,mutex-arc-vector,1525,1526,1553,1353,1351,1382,268,268,274,1084,1085,1111
256,128,500000,10,10,rw-lock-arc-vector,1181,1183,1220,983,982,1024,290,288,312,693,695,739
256,128,500000,10,16,mutex-vector,1985,1981,2018,1781,1778,1821,195,196,197,1585,1582,1624
256,128,500000,10,16,rw-lock-vector,1405,1421,1458,1186,1202,1242,299,299,316,887,898,927
256,128,500000,10,16,double-moka,1326,1327,1357,1123,1122,1147,97,98,101,1024,1024,1045
256,128,500000,10,16,mutex-arc-vector,1867,1875,1901,1694,1705,1731,236,237,242,1457,1463,1498
256,128,500000,10,16,rw-lock-arc-vector,1331,1323,1408,1132,1126,1211,267,257,303,863,870,953
256,128,500000,12,6,mutex-vector,1249,1246,1314,1067,1065,1128,234,234,247,831,829,880
256,128,500000,12,6,rw-lock-vector,1025,1026,1044,828,828,850,349,348,363,477,473,501
256,128,500000,12,6,double-moka,631,632,643,452,454,457,112,113,116,339,341,346
256,128,500000,12,6,mutex-arc-vector,1321,1318,1351,1171,1165,1193,307,308,313,863,862,884
256,128,500000,12,6,rw-lock-arc-vector,1107,1096,1190,940,927,1020,335,334,361,604,591,658
256,128,500000,12,10,mutex-vector,1591,1604,1629,1405,1414,1439,218,220,225,1186,1195,1217
256,128,500000,12,10,rw-lock-vector,1252,1258,1297,1047,1051,1090,356,357,370,690,696,730
256,128,500000,12,10,double-moka,880,883,904,701,702,722,91,91,97,610,611,630
256,128,500000,12,10,mutex-arc-vector,1546,1533,1616,1395,1385,1458,269,268,278,1126,1116,1180
256,128,500000,12,10,rw-lock-arc-vector,1223,1219,1255,1052,1051,1087,313,315,339,739,739,778
256,128,500000,12,16,mutex-vector,1997,1986,2048,1808,1797,1858,197,196,206,1610,1601,1656
256,128,500000,12,16,rw-lock-vector,1491,1495,1539,1294,1299,1342,352,353,375,941,956,983
256,128,500000,12,16,double-moka,1335,1336,1383,1150,1146,1194,86,87,91,1063,1061,1103
256,128,500000,12,16,mutex-arc-vector,1996,2013,2033,1837,1852,1874,246,248,254,1590,1602,1622
256,128,500000,12,16,rw-lock-arc-vector,1520,1522,1554,1335,1329,1373,326,325,365,1008,1015,1066
256,128,500000,16,6,mutex-vector,1308,1307,1332,1142,1141,1164,250,249,254,891,892,910
256,128,500000,16,6,rw-lock-vector,1094,1093,1132,901,909,934,425,427,435,476,480,499
256,128,500000,16,6,double-moka,647,646,659,489,487,500,194,196,199,294,291,307
256,128,500000,16,6,mutex-arc-vector,1406,1407,1417,1280,1280,1292,332,331,339,947,946,959
256,128,500000,16,6,rw-lock-arc-vector,1210,1212,1259,1067,1070,1110,418,418,437,648,647,688
256,128,500000,16,10,mutex-vector,1611,1613,1620,1444,1445,1457,223,223,227,1221,1220,1231
256,128,500000,16,10,rw-lock-vector,1272,1269,1327,1091,1091,1150,431,432,451,659,657,698
256,128,500000,16,10,double-moka,698,700,715,543,542,560,96,96,102,445,444,466
256,128,500000,16,10,mutex-arc-vector,1665,1659,1723,1537,1530,1592,289,289,297,1247,1244,1295
256,128,500000,16,10,rw-lock-arc-vector,1371,1387,1435,1226,1240,1289,399,398,431,826,826,873
256,128,500000,16,16,mutex-vector,2073,2067,2127,1906,1896,1960,206,206,213,1699,1691,1749
256,128,500000,16,16,rw-lock-vector,1565,1569,1646,1384,1383,1470,462,460,492,921,917,977
256,128,500000,16,16,double-moka,1426,1435,1456,1264,1271,1291,69,69,76,1193,1200,1221
256,128,500000,16,16,mutex-arc-vector,2092,2104,2124,1963,1974,1995,258,258,261,1704,1714,1738
256,128,500000,16,16,rw-lock-arc-vector,1641,1632,1732,1488,1480,1582,407,405,434,1080,1076,1159
512,64,500000,6,6,mutex-vector,972,973,978,666,666,672,161,160,165,504,503,512
512,64,500000,6,6,rw-lock-vector,715,714,735,403,403,422,158,158,163,244,242,258
512,64,500000,6,6,double-moka,949,946,964,619,618,625,126,126,128,492,492,497
512,64,500000,6,6,mutex-arc-vector,1055,1048,1116,767,759,832,238,237,250,528,523,581
512,64,500000,6,6,rw-lock-arc-vector,821,821,836,528,528,541,233,235,244,294,296,310
512,64,500000,6,10,mutex-vector,1210,1214,1231,914,917,937,152,151,156,761,766,782
512,64,500000,6,10,rw-lock-vector,818,822,837,512,515,529,156,156,162,354,358,372
512,64,500000,6,10,double-moka,1117,1115,1129,798,798,802,121,121,123,677,677,680
512,64,500000,6,10,mutex-arc-vector,1270,1263,1337,986,980,1054,220,219,234,764,760,820
512,64,500000,6,10,rw-lock-arc-vector,908,911,923,607,608,615,218,215,243,389,392,398
512,64,500000,6,16,mutex-vector,1624,1627,1651,1325,1327,1351,145,146,148,1178,1180,1204
512,64,500000,6,16,rw-lock-vector,984,980,1014,671,667,710,164,164,176,506,505,544
512,64,500000,6,16,double-moka,1463,1460,1498,1139,1138,1157,120,120,123,1018,1017,1035
512,64,500000,6,16,mutex-arc-vector,1651,1648,1728,1363,1360,1437,209,207,227,1153,1154,1210
512,64,500000,6,16,rw-lock-arc-vector,1054,1048,1146,746,740,824,206,203,256,540,539,613
512,64,500000,10,6,mutex-vector,1229,1230,1248,1045,1045,1065,228,228,234,816,816,831
512,64,500000,10,6,rw-lock-vector,963,964,994,764,768,793,292,292,301,472,473,492
512,64,500000,10,6,double-moka,686,684,704,493,491,504,102,102,105,390,388,402
512,64,500000,10,6,mutex-arc-vector,1296,1288,1374,1123,1114,1186,303,302,319,819,814,867
512,64,500000,10,6,rw-lock-arc-vector,1061,1060,1092,872,871,903,316,321,334,554,551,590
512,64,500000,10,10,mutex-vector,1519,1519,1542,1334,1335,1363,207,207,211,1126,1128,1152
512,64,500000,10,10,rw-lock-vector,1136,1145,1182,935,946,983,282,281,306,652,663,696
512,64,500000,10,10,double-moka,957,949,1013,756,749,802,101,100,107,654,648,694
512,64,500000,10,10,mutex-arc-vector,1529,1520,1613,1357,1350,1435,269,268,285,1087,1080,1150
512,64,500000,10,10,rw-lock-arc-vector,1170,1169,1191,974,972,988,285,284,312,688,690,719
512,64,500000,10,16,mutex-vector,1974,1967,2010,1779,1775,1819,192,191,199,1586,1582,1623
512,64,500000,10,16,rw-lock-vector,1433,1443,1471,1226,1238,1263,292,290,307,934,937,973
512,64,500000,10,16,double-moka,1347,1347,1373,1143,1143,1158,97,97,99,1045,1045,1059
512,64,500000,10,16,mutex-arc-vector,1949,1951,1998,1773,1777,1818,246,246,256,1526,1530,1561
512,64,500000,10,16,rw-lock-arc-vector,1371,1372,1409,1168,1177,1204,264,264,301,903,906,943
512,64,500000,12,6,mutex-vector,1277,1276,1297,1109,1108,1132,238,239,244,870,871,888
512,64,500000,12,6,rw-lock-vector,1041,1043,1061,857,855,878,342,343,351,514,513,536
512,64,500000,12,6,double-moka,645,652,698,462,466,494,114,115,119,346,352,386
512,64,500000,12,6,mutex-arc-vector,1325,1323,1349,1178,1176,1202,311,312,317,866,864,884
512,64,500000,12,6,rw-lock-arc-vector,1104,1099,1136,938,935,968,338,341,356,599,593,635
512,64,500000,12,10,mutex-vector,1552,1563,1582,1385,1394,1414,211,213,216,1173,1178,1198
512,64,500000,12,10,rw-lock-vector,1208,1208,1234,1028,1028,1056,331,330,346,696,698,723
512,64,500000,12,10,double-moka,889,886,935,708,705,734,90,90,93,617,614,644
512,64,500000,12,10,mutex-arc-vector,1566,1566,1581,1415,1419,1428,276,276,282,1138,1143,1149
512,64,500000,12,10,rw-lock-arc-vector,1268,1267,1333,1092,1091,1153,326,328,351,765,767,835
512,64,500000,12,16,mutex-vector,2086,2107,2136,1908,1932,1963,202,203,208,1705,1725,1754
512,64,500000,12,16,rw-lock-vector,1477,1482,1580,1293,1293,1393,341,346,361,951,946,1031
512,64,500000,12,16,double-moka,1338,1346,1374,1153,1161,1180,85,85,88,1067,1074,1093
512,64,500000,12,16,mutex-arc-vector,1987,1984,2067,1830,1826,1901,248,248,257,1580,1576,1644
512,64,500000,12,16,rw-lock-arc-vector,1473,1472,1520,1292,1299,1344,318,311,349,973,994,1027
512,64,500000,16,6,mutex-vector,1276,1271,1297,1134,1130,1155,239,239,243,894,893,911
512,64,500000,16,6,rw-lock-vector,1057,1053,1088,901,899,931,393,393,411,508,506,522
512,64,500000,16,6,double-moka,659,652,700,498,495,532,194,195,202,304,296,348
512,64,500000,16,6,mutex-arc-vector,1409,1412,1430,1279,1282,1299,331,333,336,948,949,964
512,64,500000,16,6,rw-lock-arc-vector,1231,1230,1279,1090,1089,1134,423,423,440,667,668,693
512,64,500000,16,10,mutex-vector,1589,1592,1620,1446,1447,1477,215,216,223,1229,1229,1254
512,64,500000,16,10,rw-lock-vector,1244,1248,1308,1089,1092,1153,403,403,427,685,686,725
512,64,500000,16,10,double-moka,706,706,725,548,547,567,98,98,104,450,447,472
512,64,500000,16,10,mutex-arc-vector,1690,1681,1742,1560,1552,1614,292,292,302,1267,1261,1312
512,64,500000,16,10,rw-lock-arc-vector,1400,1406,1462,1256,1259,1319,410,408,429,845,848,889
512,64,500000,16,16,mutex-vector,2068,2069,2114,1925,1924,1967,201,202,208,1722,1722,1760
512,64,500000,16,16,rw-lock-vector,1557,1565,1582,1399,1409,1427,447,446,462,951,954,978
512,64,500000,16,16,double-moka,1462,1472,1492,1296,1301,1339,71,71,75,1224,1228,1268
512,64,500000,16,16,mutex-arc-vector,2102,2103,2145,1972,1973,2016,259,260,263,1712,1710,1753
512,64,500000,16,16,rw-lock-arc-vector,1669,1670,1750,1522,1527,1602,424,419,454,1097,1090,1165
512,128,500000,6,6,mutex-vector,978,973,1015,673,662,712,168,167,180,503,496,531
512,128,500000,6,6,rw-lock-vector,721,721,745,406,406,427,167,165,174,239,240,253
512,128,500000,6,6,double-moka,922,919,945,603,602,616,122,122,127,480,479,489
512,128,500000,6,6,mutex-arc-vector,1036,1031,1061,751,746,779,236,237,243,514,510,536
512,128,500000,6,6,rw-lock-arc-vector,844,839,895,550,543,604,239,240,260,310,307,344
512,128,500000,6,10,mutex-vector,1205,1202,1233,902,897,930,156,156,161,745,742,769
512,128,500000,6,10,rw-lock-vector,821,823,838,506,511,522,164,165,168,341,345,357
512,128,500000,6,10,double-moka,1131,1119,1183,805,799,843,121,120,130,683,678,713
512,128,500000,6,10,mutex-arc-vector,1269,1262,1332,984,978,1048,220,218,233,764,759,814
512,128,500000,6,10,rw-lock-arc-vector,936,931,987,630,625,673,225,223,245,405,405,448
512,128,500000,6,16,mutex-vector,1627,1628,1662,1315,1318,1353,152,152,158,1162,1165,1198
512,128,500000,6,16,rw-lock-vector,999,990,1049,675,668,718,171,170,182,503,496,539
512,128,500000,6,16,double-moka,1485,1481,1529,1154,1152,1193,123,123,130,1029,1027,1063
512,128,500000,6,16,mutex-arc-vector,1674,1677,1701,1381,1385,1407,213,213,219,1166,1174,1187
512,128,500000,6,16,rw-lock-arc-vector,1079,1077,1131,766,761,818,220,216,252,545,547,603
512,128,500000,10,6,mutex-vector,1211,1210,1240,1015,1014,1047,230,230,237,784,785,810
512,128,500000,10,6,rw-lock-vector,1000,988,1072,784,773,850,320,317,347,463,457,502
512,128,500000,10,6,double-moka,699,694,733,503,503,529,103,103,109,399,400,422
512,128,500000,10,6,mutex-arc-vector,1271,1269,1303,1100,1096,1130,299,298,306,800,799,826
512,128,500000,10,6,rw-lock-arc-vector,1052,1054,1071,864,869,884,309,312,327,554,553,585
512,128,500000,10,10,mutex-vector,1568,1546,1634,1365,1345,1430,217,217,227,1147,1128,1202
512,128,500000,10,10,rw-lock-vector,1188,1189,1212,969,975,989,312,312,327,656,658,680
512,128,500000,10,10,double-moka,951,950,983,749,750,763,101,101,103,648,650,661
512,128,500000,10,10,mutex-arc-vector,1558,1553,1587,1384,1378,1412,275,275,279,1109,1102,1133
512,128,500000,10,10,rw-lock-arc-vector,1207,1201,1244,1007,1000,1044,299,298,323,708,704,753
512,128,500000,10,16,mutex-vector,2038,2036,2110,1824,1829,1888,202,203,207,1622,1624,1680
512,128,500000,10,16,rw-lock-vector,1437,1449,1491,1214,1230,1267,308,310,326,905,920,946
512,128,500000,10,16,double-moka,1335,1336,1357,1130,1129,1157,97,98,100,1031,1030,1057
512,128,500000,10,16,mutex-arc-vector,1948,1947,2052,1772,1770,1875,246,248,253,1524,1520,1622
512,128,500000,10,16,rw-lock-arc-vector,1368,1364,1401,1167,1164,1201,276,268,319,890,896,942
512,128,500000,12,6,mutex-vector,1261,1262,1292,1078,1080,1103,240,240,246,837,839,857
512,128,500000,12,6,rw-lock-vector,1049,1052,1080,849,850,883,361,362,369,487,487,518
512,128,500000,12,6,double-moka,643,643,672,461,460,484,112,114,117,348,347,367
512,128,500000,12,6,mutex-arc-vector,1325,1324,1351,1176,1174,1199,312,312,320,864,862,878
512,128,500000,12,6,rw-lock-arc-vector,1141,1135,1188,970,967,1013,352,347,380,617,627,644
512,128,500000,12,10,mutex-vector,1620,1627,1647,1427,1432,1453,224,225,230,1202,1205,1226
512,128,500000,12,10,rw-lock-vector,1260,1264,1294,1055,1062,1086,364,363,380,690,697,721
512,128,500000,12,10,double-moka,852,849,897,680,679,718,86,87,90,593,591,630
512,128,500000,12,10,mutex-arc-vector,1564,1561,1627,1412,1411,1464,273,274,278,1139,1134,1189
512,128,500000,12,10,rw-lock-arc-vector,1258,1255,1309,1085,1081,1134,323,326,344,761,761,812
512,128,500000,12,16,mutex-vector,2014,2012,2066,1823,1820,1873,199,200,204,1623,1621,1669
512,128,500000,12,16,rw-lock-vector,1492,1487,1563,1291,1291,1340,362,361,389,928,932,965
512,128,500000,12,16,double-moka,1347,1344,1413,1161,1165,1206,87,86,91,1073,1077,1115
512,128,500000,12,16,mutex-arc-vector,2052,2048,2087,1890,1886,1926,255,255,263,1634,1631,1663
512,128,500000,12,16,rw-lock-arc-vector,1531,1521,1602,1347,1344,1419,321,325,359,1024,1025,1094
512,128,500000,16,6,mutex-vector,1343,1334,1404,1169,1161,1225,258,256,273,910,906,951
512,128,500000,16,6,rw-lock-vector,1112,1119,1154,926,927,959,434,433,453,491,492,507
512,128,500000,16,6,double-moka,668,662,736,508,505,552,199,197,221,308,310,331
512,128,500000,16,6,mutex-arc-vector,1421,1423,1466,1291,1294,1332,335,335,348,956,958,984
512,128,500000,16,6,rw-lock-arc-vector,1223,1226,1253,1078,1083,1108,420,421,439,657,656,680
512,128,500000,16,10,mutex-vector,1628,1629,1655,1459,1456,1486,229,229,236,1229,1227,1250
512,128,500000,16,10,rw-lock-vector,1310,1304,1347,1118,1107,1164,446,445,458,671,663,706
512,128,500000,16,10,double-moka,726,724,811,568,567,642,101,100,111,465,467,531
512,128,500000,16,10,mutex-arc-vector,1681,1680,1707,1552,1552,1573,291,291,299,1260,1260,1274
512,128,500000,16,10,rw-lock-arc-vector,1415,1410,1487,1269,1264,1335,421,421,437,847,837,900
512,128,500000,16,16,mutex-vector,2086,2090,2143,1917,1921,1972,209,210,216,1706,1710,1756
512,128,500000,16,16,rw-lock-vector,1595,1588,1661,1408,1399,1470,475,476,501,932,928,979
512,128,500000,16,16,double-moka,1419,1425,1448,1261,1267,1294,71,71,76,1189,1194,1221
512,128,500000,16,16,mutex-arc-vector,2095,2096,2152,1965,1965,2021,258,259,265,1706,1706,1755
512,128,500000,16,16,rw-lock-arc-vector,1649,1628,1773,1494,1470,1625,413,412,440,1079,1055,1185
512,256,500000,6,6,mutex-vector,1007,999,1091,683,675,763,181,179,201,501,494,562
512,256,500000,6,6,rw-lock-vector,775,769,810,440,434,461,196,193,210,243,242,251
512,256,500000,6,6,double-moka,949,949,977,629,626,658,126,125,134,502,500,523
512,256,500000,6,6,mutex-arc-vector,1055,1055,1068,763,763,776,239,239,241,524,523,536
512,256,500000,6,6,rw-lock-arc-vector,854,853,904,554,552,607,241,240,257,313,315,350
512,256,500000,6,10,mutex-vector,1262,1259,1283,934,932,958,171,171,175,762,758,782
512,256,500000,6,10,rw-lock-vector,882,880,917,543,540,569,195,193,205,347,345,370
512,256,500000,6,10,double-moka,1147,1141,1171,828,824,853,124,124,130,703,700,723
512,256,500000,6,10,mutex-arc-vector,1290,1289,1304,997,997,1010,225,226,229,771,773,784
512,256,500000,6,10,rw-lock-arc-vector,943,941,959,634,634,651,232,231,254,401,402,430
512,256,500000,6,16,mutex-vector,1671,1659,1764,1341,1326,1436,165,163,175,1175,1161,1263
512,256,500000,6,16,rw-lock-vector,1047,1046,1091,700,701,739,194,194,202,505,502,548
512,256,500000,6,16,double-moka,1451,1456,1490,1130,1131,1163,120,120,126,1008,1010,1038
512,256,500000,6,16,mutex-arc-vector,1629,1631,1678,1347,1345,1399,205,204,218,1141,1141,1181
512,256,500000,6,16,rw-lock-arc-vector,1043,1037,1082,743,744,767,201,195,234,542,541,566
512,256,500000,10,6,mutex-vector,1290,1293,1315,1055,1056,1074,253,253,259,801,803,819
512,256,500000,10,6,rw-lock-vector,1074,1066,1141,816,818,872,367,364,386,448,449,485
512,256,500000,10,6,double-moka,699,700,711,505,507,514,101,102,104,404,404,412
512,256,500000,10,6,mutex-arc-vector,1324,1327,1344,1148,1153,1168,312,313,317,835,839,851
512,256,500000,10,6,rw-lock-arc-vector,1080,1081,1101,887,889,914,327,330,349,559,553,596
512,256,500000,10,10,mutex-vector,1586,1591,1612,1348,1354,1380,228,230,233,1119,1122,1149
512,256,500000,10,10,rw-lock-vector,1245,1235,1316,986,989,1053,357,355,374,628,632,685
512,256,500000,10,10,double-moka,929,928,949,736,735,751,97,98,99,638,637,651
512,256,500000,10,10,mutex-arc-vector,1564,1559,1625,1387,1384,1447,275,277,283,1111,1107,1163
512,256,500000,10,10,rw-lock-arc-vector,1190,1186,1222,990,986,1024,299,302,323,690,690,742
512,256,500000,10,16,mutex-vector,2008,2014,2050,1776,1781,1812,208,209,212,1567,1570,1600
512,256,500000,10,16,rw-lock-vector,1440,1452,1500,1188,1204,1253,340,344,356,847,856,896
512,256,500000,10,16,double-moka,1292,1291,1310,1093,1097,1104,94,95,97,997,1002,1009
512,256,500000,10,16,mutex-arc-vector,1911,1893,2014,1736,1718,1838,242,241,252,1492,1477,1585
512,256,500000,10,16,rw-lock-arc-vector,1346,1342,1412,1142,1134,1207,271,265,306,871,865,946
512,256,500000,12,6,mutex-vector,1354,1354,1391,1122,1119,1151,267,269,272,855,852,880
512,256,500000,12,6,rw-lock-vector,1084,1087,1107,844,848,862,405,406,410,438,438,459
512,256,500000,12,6,double-moka,609,611,616,443,443,455,112,112,121,330,331,334
512,256,500000,12,6,mutex-arc-vector,1341,1347,1366,1191,1195,1217,318,320,325,873,875,892
512,256,500000,12,6,rw-lock-arc-vector,1141,1140,1182,971,972,1011,354,352,378,616,617,657
512,256,500000,12,10,mutex-vector,1605,1604,1630,1381,1380,1407,234,234,240,1146,1147,1168
512,256,500000,12,10,rw-lock-vector,1248,1256,1300,1009,1020,1054,394,392,416,614,626,646
512,256,500000,12,10,double-moka,853,849,895,681,678,718,86,86,92,594,591,627
512,256,500000,12,10,mutex-arc-vector,1607,1618,1658,1451,1461,1498,280,280,292,1170,1181,1206
512,256,500000,12,10,rw-lock-arc-vector,1305,1307,1318,1127,1128,1143,336,343,362,790,793,827
512,256,500000,12,16,mutex-vector,2034,2020,2143,1806,1797,1905,215,214,229,1591,1584,1687
512,256,500000,12,16,rw-lock-vector,1501,1517,1533,1267,1283,1298,394,397,401,873,889,900
512,256,500000,12,16,double-moka,1301,1298,1335,1120,1115,1146,83,83,86,1037,1032,1060
512,256,500000,12,16,mutex-arc-vector,1972,1974,2018,1814,1820,1860,248,249,255,1566,1570,1610
512,256,500000,12,16,rw-lock-arc-vector,1482,1475,1533,1297,1294,1339,322,326,358,975,969,1028
512,256,500000,16,6,mutex-vector,1392,1389,1428,1170,1170,1207,278,277,286,891,890,921
512,256,500000,16,6,rw-lock-vector,1186,1185,1217,948,946,968,492,491,507,454,453,468
512,256,500000,16,6,double-moka,642,640,665,494,494,511,199,200,208,293,290,311
512,256,500000,16,6,mutex-arc-vector,1409,1413,1417,1282,1284,1290,332,333,335,949,950,958
512,256,500000,16,6,rw-lock-arc-vector,1220,1212,1265,1078,1070,1122,419,418,437,658,654,689
512,256,500000,16,10,mutex-vector,1678,1671,1730,1456,1447,1497,247,246,255,1209,1203,1242
512,256,500000,16,10,rw-lock-vector,1352,1356,1402,1117,1125,1166,497,498,513,620,622,663
512,256,500000,16,10,double-moka,688,687,715,539,537,568,105,103,120,433,433,452
512,256,500000,16,10,mutex-arc-vector,1673,1674,1714,1545,1545,1585,292,293,300,1252,1255,1284
512,256,500000,16,10,rw-lock-arc-vector,1395,1389,1461,1248,1243,1313,410,410,438,837,837,882
512,256,500000,16,16,mutex-vector,2121,2120,2155,1902,1900,1947,228,229,234,1673,1669,1715
512,256,500000,16,16,rw-lock-vector,1659,1676,1693,1425,1436,1472,529,529,548,896,900,933
512,256,500000,16,16,double-moka,1372,1378,1393,1212,1211,1246,68,68,71,1143,1143,1178
512,256,500000,16,16,mutex-arc-vector,2104,2097,2172,1970,1967,2035,258,258,270,1711,1707,1764
512,256,500000,16,16,rw-lock-arc-vector,1636,1641,1722,1479,1492,1562,392,386,421,1086,1080,1149
1024,64,500000,6,6,mutex-vector,997,995,1013,685,684,697,164,165,167,519,518,530
1024,64,500000,6,6,rw-lock-vector,733,734,744,412,414,423,169,171,174,242,244,251
1024,64,500000,6,6,double-moka,961,957,986,636,634,654,125,125,130,510,509,527
1024,64,500000,6,6,mutex-arc-vector,1007,1007,1016,718,717,725,215,215,220,502,502,510
1024,64,500000,6,6,rw-lock-arc-vector,802,802,815,507,507,517,221,221,239,285,283,301
1024,64,500000,6,10,mutex-vector,1272,1275,1288,963,964,983,159,159,161,802,804,824
1024,64,500000,6,10,rw-lock-vector,832,838,860,514,519,543,174,174,180,339,344,367
1024,64,500000,6,10,double-moka,1146,1149,1156,822,822,827,119,120,122,701,701,707
1024,64,500000,6,10,mutex-arc-vector,1233,1231,1257,945,942,971,203,202,207,741,739,766
1024,64,500000,6,10,rw-lock-arc-vector,883,886,901,586,587,600,212,207,235,373,377,396
1024,64,500000,6,16,mutex-vector,1682,1673,1723,1373,1367,1415,152,152,154,1220,1213,1260
1024,64,500000,6,16,rw-lock-vector,996,997,1047,679,682,730,180,181,188,498,501,549
1024,64,500000,6,16,double-moka,1487,1484,1503,1159,1160,1166,118,118,121,1040,1041,1046
1024,64,500000,6,16,mutex-arc-vector,1623,1622,1650,1336,1333,1365,196,197,200,1139,1135,1169
1024,64,500000,6,16,rw-lock-arc-vector,1044,1046,1073,738,741,755,219,211,255,518,522,557
1024,64,500000,10,6,mutex-vector,1191,1193,1202,995,996,1008,215,215,218,779,780,790
1024,64,500000,10,6,rw-lock-vector,960,955,994,751,742,784,293,293,306,457,451,484
1024,64,500000,10,6,double-moka,697,700,707,497,498,505,98,98,100,398,400,405
1024,64,500000,10,6,mutex-arc-vector,1244,1237,1299,1061,1055,1112,279,279,293,781,778,818
1024,64,500000,10,6,rw-lock-arc-vector,1068,1075,1096,875,883,896,319,322,338,556,556,597
1024,64,500000,10,10,mutex-vector,1592,1592,1612,1402,1401,1423,220,221,224,1181,1181,1199
1024,64,500000,10,10,rw-lock-vector,1194,1202,1223,990,998,1022,307,303,323,682,689,707
1024,64,500000,10,10,double-moka,927,929,941,738,740,748,98,98,101,639,641,646
1024,64,500000,10,10,mutex-arc-vector,1526,1529,1549,1356,1359,1381,266,267,274,1089,1089,1110
1024,64,500000,10,10,rw-lock-arc-vector,1175,1165,1232,985,979,1038,271,276,293,713,723,751
1024,64,500000,10,16,mutex-vector,2075,2067,2104,1884,1882,1914,204,204,208,1679,1678,1707
1024,64,500000,10,16,rw-lock-vector,1447,1480,1501,1238,1272,1300,309,310,323,927,958,977
1024,64,500000,10,16,double-moka,1329,1313,1397,1130,1120,1182,95,95,100,1034,1024,1081
1024,64,500000,10,16,mutex-arc-vector,1923,1923,1960,1749,1750,1786,241,242,245,1507,1510,1541
1024,64,500000,10,16,rw-lock-arc-vector,1361,1357,1407,1155,1151,1206,281,275,313,873,885,944
1024,64,500000,12,6,mutex-vector,1258,1263,1276,1092,1099,1106,238,238,243,853,858,866
1024,64,500000,12,6,rw-lock-vector,1034,1039,1051,854,858,872,351,353,360,502,504,517
1024,64,500000,12,6,double-moka,638,638,657,463,462,477,122,123,127,340,338,350
1024,64,500000,12,6,mutex-arc-vector,1374,1368,1402,1221,1215,1246,320,321,326,899,897,920
1024,64,500000,12,6,rw-lock-arc-vector,1156,1161,1174,981,984,993,358,357,371,622,620,647
1024,64,500000,12,10,mutex-vector,1599,1600,1689,1430,1432,1516,222,223,237,1207,1211,1278
1024,64,500000,12,10,rw-lock-vector,1211,1214,1278,1032,1032,1097,346,344,363,684,679,733
1024,64,500000,12,10,double-moka,870,872,893,697,702,715,88,88,91,608,611,624
1024,64,500000,12,10,mutex-arc-vector,1587,1591,1609,1435,1438,1456,275,276,281,1159,1160,1179
1024,64,500000,12,10,rw-lock-arc-vector,1273,1265,1323,1099,1090,1144,333,334,351,765,765,807
1024,64,500000,12,16,mutex-vector,2051,2063,2088,1878,1891,1916,201,202,206,1675,1687,1710
1024,64,500000,12,16,rw-lock-vector,1564,1560,1641,1372,1369,1448,373,379,394,998,992,1056
1024,64,500000,12,16,double-moka,1403,1411,1424,1218,1222,1242,88,89,91,1129,1132,1151
1024,64,500000,12,16,mutex-arc-vector,1977,1974,2057,1819,1812,1897,245,243,255,1573,1569,1642
1024,64,500000,12,16,rw-lock-arc-vector,1442,1443,1474,1271,1274,1305,316,312,344,954,969,1018
1024,64,500000,16,6,mutex-vector,1318,1317,1347,1170,1166,1199,250,249,259,919,918,940
1024,64,500000,16,6,rw-lock-vector,1088,1090,1101,927,927,934,415,415,428,511,509,527
1024,64,500000,16,6,double-moka,663,660,686,507,504,523,203,204,210,303,300,325
1024,64,500000,16,6,mutex-arc-vector,1414,1417,1429,1286,1287,1303,332,332,337,953,955,966
1024,64,500000,16,6,rw-lock-arc-vector,1222,1229,1252,1078,1086,1110,419,424,435,658,660,675
1024,64,500000,16,10,mutex-vector,1645,1645,1677,1499,1497,1529,228,229,235,1269,1267,1296
1024,64,500000,16,10,rw-lock-vector,1279,1275,1332,1116,1110,1173,422,423,439,693,688,733
1024,64,500000,16,10,double-moka,718,719,756,562,559,596,105,104,114,455,451,495
1024,64,500000,16,10,mutex-arc-vector,1686,1682,1700,1558,1554,1572,291,293,296,1266,1265,1278
1024,64,500000,16,10,rw-lock-arc-vector,1401,1401,1466,1259,1261,1321,421,419,447,837,834,886
1024,64,500000,16,16,mutex-vector,2131,2132,2161,1982,1985,2011,210,209,214,1772,1773,1797
1024,64,500000,16,16,rw-lock-vector,1603,1608,1674,1441,1445,1513,465,466,492,974,973,1020
1024,64,500000,16,16,double-moka,1456,1456,1494,1302,1298,1342,70,71,75,1231,1227,1269
1024,64,500000,16,16,mutex-arc-vector,2117,2118,2144,1988,1990,2013,261,261,265,1726,1727,1750
1024,64,500000,16,16,rw-lock-arc-vector,1678,1687,1720,1531,1542,1578,429,424,458,1101,1095,1145
1024,128,500000,6,6,mutex-vector,1008,1010,1025,697,699,715,179,180,182,517,518,532
1024,128,500000,6,6,rw-lock-vector,751,748,768,431,432,448,187,186,192,243,244,256
1024,128,500000,6,6,double-moka,927,928,935,614,613,619,122,122,125,491,490,494
1024,128,500000,6,6,mutex-arc-vector,1004,1005,1019,724,725,739,222,223,227,501,501,511
1024,128,500000,6,6,rw-lock-arc-vector,804,794,879,514,500,585,221,220,257,292,289,328
1024,128,500000,6,10,mutex-vector,1266,1263,1290,952,948,969,171,171,175,780,778,798
1024,128,500000,6,10,rw-lock-vector,860,858,881,535,533,556,189,189,194,346,341,370
1024,128,500000,6,10,double-moka,1144,1143,1156,821,822,835,121,121,124,700,700,710
1024,128,500000,6,10,mutex-arc-vector,1260,1247,1376,976,964,1090,214,212,237,762,751,852
1024,128,500000,6,10,rw-lock-arc-vector,890,889,916,597,596,617,210,204,234,386,386,410
1024,128,500000,6,16,mutex-vector,1689,1674,1814,1375,1361,1506,163,162,178,1211,1196,1327
1024,128,500000,6,16,rw-lock-vector,1060,1081,1110,725,743,774,194,196,206,530,541,575
1024,128,500000,6,16,double-moka,1498,1491,1557,1172,1165,1217,122,121,128,1049,1043,1088
1024,128,500000,6,16,mutex-arc-vector,1645,1646,1666,1357,1357,1379,203,204,207,1153,1155,1176
1024,128,500000,6,16,rw-lock-arc-vector,1041,1042,1074,735,738,758,204,202,241,530,535,561
1024,128,500000,10,6,mutex-vector,1227,1228,1248,1024,1025,1045,236,236,240,788,787,807
1024,128,500000,10,6,rw-lock-vector,1024,1028,1063,801,801,832,332,332,348,468,469,491
1024,128,500000,10,6,double-moka,675,676,687,486,487,497,99,99,102,387,386,394
1024,128,500000,10,6,mutex-arc-vector,1265,1264,1279,1095,1092,1111,295,296,301,799,797,814
1024,128,500000,10,6,rw-lock-arc-vector,1051,1050,1079,863,866,885,311,312,323,551,555,579
1024,128,500000,10,10,mutex-vector,1548,1543,1575,1344,1342,1371,220,220,226,1124,1123,1147
1024,128,500000,10,10,rw-lock-vector,1194,1194,1238,970,969,1007,320,320,332,648,648,674
1024,128,500000,10,10,double-moka,907,905,931,719,718,735,95,95,98,623,623,636
1024,128,500000,10,10,mutex-arc-vector,1539,1533,1628,1367,1362,1450,271,271,283,1096,1091,1167
1024,128,500000,10,10,rw-lock-arc-vector,1183,1184,1234,988,989,1040,287,288,314,700,706,768
1024,128,500000,10,16,mutex-vector,2027,2027,2071,1815,1812,1857,204,206,212,1610,1608,1648
1024,128,500000,10,16,rw-lock-vector,1448,1456,1517,1218,1229,1284,320,323,337,898,899,951
1024,128,500000,10,16,double-moka,1346,1347,1370,1142,1144,1161,96,96,99,1045,1047,1062
1024,128,500000,10,16,mutex-arc-vector,1925,1925,1963,1751,1750,1790,241,241,248,1509,1509,1544
1024,128,500000,10,16,rw-lock-arc-vector,1363,1361,1417,1163,1158,1212,267,261,307,895,902,952
1024,128,500000,12,6,mutex-vector,1281,1285,1300,1094,1097,1111,250,249,256,843,847,858
1024,128,500000,12,6,rw-lock-vector,1067,1072,1107,860,866,895,374,374,385,486,487,519
1024,128,500000,12,6,double-moka,655,649,738,473,472,522,121,120,135,351,348,407
1024,128,500000,12,6,mutex-arc-vector,1325,1322,1341,1176,1176,1193,310,309,315,866,865,878
1024,128,500000,12,6,rw-lock-arc-vector,1113,1112,1136,945,943,970,344,347,354,600,599,618
1024,128,500000,12,10,mutex-vector,1567,1566,1585,1378,1378,1397,222,223,226,1155,1152,1177
1024,128,500000,12,10,rw-lock-vector,1266,1250,1308,1057,1047,1095,372,371,390,685,687,712
1024,128,500000,12,10,double-moka,907,907,929,727,728,755,91,91,94,635,635,660
1024,128,500000,12,10,mutex-arc-vector,1628,1628,1655,1471,1469,1498,282,282,290,1188,1185,1211
1024,128,500000,12,10,rw-lock-arc-vector,1230,1232,1281,1063,1068,1106,311,310,343,751,759,801
1024,128,500000,12,16,mutex-vector,2019,2006,2088,1827,1812,1897,205,205,214,1621,1608,1682
1024,128,500000,12,16,rw-lock-vector,1530,1541,1559,1324,1336,1361,373,376,383,949,960,982
1024,128,500000,12,16,double-moka,1343,1347,1355,1162,1165,1174,85,86,88,1076,1080,1088
1024,128,500000,12,16,mutex-arc-vector,1962,1965,2000,1808,1813,1845,244,245,249,1563,1568,1595
1024,128,500000,12,16,rw-lock-arc-vector,1507,1501,1618,1322,1316,1431,325,324,351,997,972,1103
1024,128,500000,16,6,mutex-vector,1359,1346,1429,1183,1171,1237,266,264,278,915,906,958
1024,128,500000,16,6,rw-lock-vector,1134,1128,1184,940,938,989,449,449,472,490,492,516
1024,128,500000,16,6,double-moka,663,656,696,510,506,537,207,208,214,302,296,329
1024,128,500000,16,6,mutex-arc-vector,1414,1416,1443,1286,1288,1316,332,333,341,953,954,974
1024,128,500000,16,6,rw-lock-arc-vector,1217,1221,1248,1075,1078,1105,419,424,432,655,653,680
1024,128,500000,16,10,mutex-vector,1668,1667,1693,1493,1490,1520,239,239,245,1253,1250,1276
1024,128,500000,16,10,rw-lock-vector,1330,1336,1366,1142,1150,1186,459,459,480,682,690,705
1024,128,500000,16,10,double-moka,704,700,761,551,548,607,106,107,112,443,438,507
1024,128,500000,16,10,mutex-arc-vector,1685,1685,1710,1557,1556,1581,292,293,300,1264,1265,1281
1024,128,500000,16,10,rw-lock-arc-vector,1406,1405,1464,1261,1259,1316,411,411,424,849,845,891
1024,128,500000,16,16,mutex-vector,2113,2113,2151,1940,1943,1966,216,216,222,1723,1727,1750
1024,128,500000,16,16,rw-lock-vector,1592,1600,1673,1406,1406,1490,483,483,514,922,924,987
1024,128,500000,16,16,double-moka,1430,1439,1461,1272,1281,1294,70,70,71,1202,1209,1223
1024,128,500000,16,16,mutex-arc-vector,2107,2106,2128,1978,1979,1997,261,262,266,1715,1719,1731
1024,128,500000,16,16,rw-lock-arc-vector,1671,1643,1773,1519,1489,1625,424,421,452,1094,1071,1182
1024,256,500000,6,6,mutex-vector,1014,1012,1038,682,682,704,188,189,191,493,491,513
1024,256,500000,6,6,rw-lock-vector,788,788,802,444,443,461,204,205,213,239,239,247
1024,256,500000,6,6,double-moka,931,932,939,616,615,625,122,122,126,493,493,500
1024,256,500000,6,6,mutex-arc-vector,1007,1009,1031,723,723,748,219,219,227,503,504,521
1024,256,500000,6,6,rw-lock-arc-vector,806,803,856,515,514,553,222,221,237,292,292,320
1024,256,500000,6,10,mutex-vector,1256,1255,1283,922,917,953,177,178,182,743,739,770
1024,256,500000,6,10,rw-lock-vector,901,913,931,555,565,579,205,204,215,349,352,371
1024,256,500000,6,10,double-moka,1155,1151,1176,829,829,836,124,125,126,704,704,711
1024,256,500000,6,10,mutex-arc-vector,1260,1258,1283,973,970,995,214,214,222,757,755,777
1024,256,500000,6,10,rw-lock-arc-vector,920,915,976,619,616,669,217,219,248,401,393,449
1024,256,500000,6,16,mutex-vector,1660,1667,1690,1321,1331,1347,168,168,171,1153,1163,1179
1024,256,500000,6,16,rw-lock-vector,1040,1039,1086,686,691,735,202,204,214,483,484,521
1024,256,500000,6,16,double-moka,1475,1474,1497,1147,1147,1160,121,120,127,1026,1026,1035
1024,256,500000,6,16,mutex-arc-vector,1661,1648,1773,1373,1361,1483,204,203,221,1167,1157,1261
1024,256,500000,6,16,rw-lock-arc-vector,1034,1044,1056,729,725,753,214,204,243,514,518,548
1024,256,500000,10,6,mutex-vector,1284,1283,1309,1042,1041,1058,260,260,265,781,782,798
1024,256,500000,10,6,rw-lock-vector,1076,1073,1200,814,807,928,375,371,422,439,438,505
1024,256,500000,10,6,double-moka,685,695,714,496,500,523,100,102,106,395,396,417
1024,256,500000,10,6,mutex-arc-vector,1282,1288,1297,1110,1116,1124,299,299,306,810,811,819
1024,256,500000,10,6,rw-lock-arc-vector,1064,1067,1083,875,877,895,317,319,335,557,550,590
1024,256,500000,10,10,mutex-vector,1627,1620,1675,1382,1378,1428,239,238,250,1142,1138,1182
1024,256,500000,10,10,rw-lock-vector,1243,1254,1283,981,989,1025,369,367,383,611,613,647
1024,256,500000,10,10,double-moka,927,925,950,737,735,758,98,98,104,637,637,654
1024,256,500000,10,10,mutex-arc-vector,1551,1560,1579,1379,1389,1406,272,274,276,1107,1116,1131
1024,256,500000,10,10,rw-lock-arc-vector,1183,1182,1209,987,987,1007,295,292,314,691,694,711
1024,256,500000,10,16,mutex-vector,2072,2070,2193,1828,1825,1931,221,222,230,1605,1601,1700
1024,256,500000,10,16,rw-lock-vector,1486,1483,1603,1227,1222,1334,360,359,386,865,868,947
1024,256,500000,10,16,double-moka,1295,1296,1319,1095,1097,1109,96,97,100,998,999,1012
1024,256,500000,10,16,mutex-arc-vector,1899,1894,1944,1727,1725,1762,237,237,246,1489,1487,1515
1024,256,500000,10,16,rw-lock-arc-vector,1350,1342,1405,1150,1148,1198,268,260,320,881,886,940
1024,256,500000,12,6,mutex-vector,1371,1379,1400,1141,1145,1172,278,279,286,863,865,892
1024,256,500000,12,6,rw-lock-vector,1168,1167,1203,912,913,943,440,441,445,472,469,498
1024,256,500000,12,6,double-moka,659,661,669,485,486,496,128,128,138,356,357,363
1024,256,500000,12,6,mutex-arc-vector,1317,1308,1369,1170,1163,1216,308,308,319,861,857,897
1024,256,500000,12,6,rw-lock-arc-vector,1100,1106,1126,937,942,961,334,335,347,602,606,619
1024,256,500000,12,10,mutex-vector,1624,1612,1691,1391,1384,1441,240,239,246,1151,1145,1194
1024,256,500000,12,10,rw-lock-vector,1319,1322,1357,1071,1074,1103,429,427,445,641,645,662
1024,256,500000,12,10,double-moka,851,866,873,680,688,704,89,90,92,590,597,612
1024,256,500000,12,10,mutex-arc-vector,1559,1549,1649,1409,1401,1493,269,269,286,1139,1133,1207
1024,256,500000,12,10,rw-lock-arc-vector,1262,1254,1316,1093,1087,1142,322,324,343,769,758,798
1024,256,500000,12,16,mutex-vector,2134,2128,2177,1899,1900,1936,228,228,233,1670,1668,1706
1024,256,500000,12,16,rw-lock-vector,1584,1611,1680,1336,1362,1416,420,419,443,915,932,972
1024,256,500000,12,16,double-moka,1281,1283,1305,1103,1108,1115,84,83,87,1019,1024,1032
1024,256,500000,12,16,mutex-arc-vector,1968,1969,2016,1813,1815,1852,244,244,251,1568,1567,1607
1024,256,500000,12,16,rw-lock-arc-vector,1503,1492,1556,1323,1314,1379,304,304,350,1018,1031,1054
1024,256,500000,16,6,mutex-vector,1446,1429,1518,1220,1208,1284,296,295,309,924,912,975
1024,256,500000,16,6,rw-lock-vector,1233,1242,1260,986,995,1014,522,522,536,463,467,488
1024,256,500000,16,6,double-moka,664,661,688,515,515,535,211,213,219,303,303,333
1024,256,500000,16,6,mutex-arc-vector,1410,1411,1434,1282,1283,1306,331,332,339,950,951,966
1024,256,500000,16,6,rw-lock-arc-vector,1227,1225,1274,1085,1087,1130,423,423,439,662,664,694
1024,256,500000,16,10,mutex-vector,1756,1739,1814,1517,1511,1550,263,264,273,1253,1251,1277
1024,256,500000,16,10,rw-lock-vector,1406,1391,1485,1161,1158,1228,525,521,555,635,638,683
1024,256,500000,16,10,double-moka,690,687,722,541,536,570,112,112,120,427,424,454
1024,256,500000,16,10,mutex-arc-vector,1696,1693,1730,1567,1563,1601,292,293,301,1274,1269,1300
1024,256,500000,16,10,rw-lock-arc-vector,1403,1404,1453,1260,1264,1306,417,418,434,842,843,875
1024,256,500000,16,16,mutex-vector,2144,2149,2195,1925,1931,1975,233,235,244,1691,1693,1730
1024,256,500000,16,16,rw-lock-vector,1655,1664,1716,1422,1428,1479,532,531,554,890,899,928
1024,256,500000,16,16,double-moka,1361,1364,1393,1213,1219,1235,70,70,72,1142,1148,1164
1024,256,500000,16,16,mutex-arc-vector,2112,2115,2146,1981,1987,2014,259,261,269,1720,1724,1749
1024,256,500000,16,16,rw-lock-arc-vector,1701,1691,1756,1551,1542,1607,423,425,435,1127,1125,1177
2048,64,500000,6,6,mutex-vector,1117,1115,1135,795,791,814,203,205,207,591,586,607
2048,64,500000,6,6,rw-lock-vector,823,821,847,487,484,505,217,217,223,270,267,287
2048,64,500000,6,6,double-moka,1000,1000,1026,677,677,696,131,131,138,545,545,557
2048,64,500000,6,6,mutex-arc-vector,1023,1026,1033,737,741,753,223,224,230,514,516,523
2048,64,500000,6,6,rw-lock-arc-vector,809,813,824,515,517,528,220,222,236,294,296,305
2048,64,500000,6,10,mutex-vector,1430,1425,1449,1108,1104,1131,195,196,199,912,909,936
2048,64,500000,6,10,rw-lock-vector,956,957,987,618,619,643,225,226,231,392,392,421
2048,64,500000,6,10,double-moka,1206,1202,1227,880,876,909,125,123,131,755,753,778
2048,64,500000,6,10,mutex-arc-vector,1253,1256,1269,974,977,991,209,210,214,763,768,777
2048,64,500000,6,10,rw-lock-arc-vector,879,878,905,589,589,606,203,202,216,385,384,405
2048,64,500000,6,16,mutex-vector,1897,1889,2023,1581,1575,1710,189,188,201,1391,1388,1508
2048,64,500000,6,16,rw-lock-vector,1151,1146,1177,817,817,840,228,227,237,588,590,614
2048,64,500000,6,16,double-moka,1536,1537,1553,1214,1209,1237,122,120,128,1091,1089,1109
2048,64,500000,6,16,mutex-arc-vector,1630,1631,1652,1348,1350,1371,199,200,202,1148,1151,1168
2048,64,500000,6,16,rw-lock-arc-vector,1026,1022,1066,726,724,759,201,190,239,524,529,566
2048,64,500000,10,6,mutex-vector,1394,1380,1494,1193,1180,1283,268,266,287,924,913,996
2048,64,500000,10,6,rw-lock-vector,1075,1073,1108,855,853,891,357,358,370,497,493,520
2048,64,500000,10,6,double-moka,711,704,759,521,518,551,105,105,110,415,412,440
2048,64,500000,10,6,mutex-arc-vector,1284,1287,1304,1114,1116,1133,295,295,303,818,820,830
2048,64,500000,10,6,rw-lock-arc-vector,1053,1050,1091,866,863,905,308,309,322,558,555,593
2048,64,500000,10,10,mutex-vector,1719,1715,1826,1521,1519,1628,240,240,256,1280,1277,1371
2048,64,500000,10,10,rw-lock-vector,1286,1286,1310,1070,1071,1099,355,356,367,714,714,732
2048,64,500000,10,10,double-moka,935,935,958,751,749,772,97,98,101,652,651,672
2048,64,500000,10,10,mutex-arc-vector,1533,1520,1608,1364,1354,1436,262,261,278,1101,1093,1157
2048,64,500000,10,10,rw-lock-arc-vector,1172,1166,1243,980,973,1048,286,284,313,693,691,734
2048,64,500000,10,16,mutex-vector,2254,2253,2277,2052,2053,2076,222,222,224,1830,1831,1852
2048,64,500000,10,16,rw-lock-vector,1550,1552,1607,1329,1339,1390,350,347,370,978,990,1020
2048,64,500000,10,16,double-moka,1331,1331,1357,1141,1139,1166,94,95,98,1046,1045,1068
2048,64,500000,10,16,mutex-arc-vector,1969,1951,2143,1795,1779,1962,244,242,263,1551,1535,1699
2048,64,500000,10,16,rw-lock-arc-vector,1388,1375,1485,1186,1178,1277,276,271,316,910,917,1002
2048,64,500000,12,6,mutex-vector,1362,1364,1393,1187,1190,1215,261,262,266,925,925,949
2048,64,500000,12,6,rw-lock-vector,1095,1101,1122,902,904,936,391,389,408,510,513,527
2048,64,500000,12,6,double-moka,680,686,709,504,509,519,140,140,149,363,367,377
2048,64,500000,12,6,mutex-arc-vector,1358,1351,1407,1206,1201,1247,313,312,324,892,889,922
2048,64,500000,12,6,rw-lock-arc-vector,1152,1149,1201,981,979,1029,354,357,366,627,619,670
2048,64,500000,12,10,mutex-vector,1719,1717,1753,1544,1538,1577,240,241,247,1304,1296,1330
2048,64,500000,12,10,rw-lock-vector,1301,1288,1368,1109,1097,1171,393,390,409,715,705,767
2048,64,500000,12,10,double-moka,857,852,894,688,685,727,90,89,101,597,593,636
2048,64,500000,12,10,mutex-arc-vector,1596,1596,1623,1445,1447,1474,274,276,278,1170,1171,1195
2048,64,500000,12,10,rw-lock-arc-vector,1260,1257,1297,1089,1083,1120,327,328,334,761,751,809
2048,64,500000,12,16,mutex-vector,2244,2249,2300,2066,2069,2120,221,222,229,1843,1846,1890
2048,64,500000,12,16,rw-lock-vector,1696,1704,1737,1492,1501,1530,423,423,441,1068,1071,1096
2048,64,500000,12,16,double-moka,1415,1410,1459,1232,1239,1263,88,88,91,1143,1150,1171
2048,64,500000,12,16,mutex-arc-vector,1963,1955,2031,1810,1804,1871,239,240,246,1570,1563,1625
2048,64,500000,12,16,rw-lock-arc-vector,1451,1447,1488,1274,1275,1303,331,333,354,941,937,992
2048,64,500000,16,6,mutex-vector,1439,1440,1466,1287,1286,1310,276,276,286,1009,1008,1023
2048,64,500000,16,6,rw-lock-vector,1166,1174,1200,997,1004,1025,462,458,481,533,544,547
2048,64,500000,16,6,double-moka,691,689,713,538,536,555,225,225,241,312,309,326
2048,64,500000,16,6,mutex-arc-vector,1417,1418,1441,1290,1292,1314,329,330,339,960,960,979
2048,64,500000,16,6,rw-lock-arc-vector,1223,1222,1273,1082,1082,1130,421,423,438,660,661,691
2048,64,500000,16,10,mutex-vector,1801,1792,1865,1646,1640,1708,251,250,264,1395,1389,1444
2048,64,500000,16,10,rw-lock-vector,1369,1375,1421,1201,1211,1249,483,481,504,717,718,749
2048,64,500000,16,10,double-moka,723,714,776,573,565,625,120,119,135,452,446,489
2048,64,500000,16,10,mutex-arc-vector,1703,1711,1733,1575,1583,1606,292,293,299,1282,1286,1311
2048,64,500000,16,10,rw-lock-arc-vector,1438,1436,1485,1294,1291,1338,432,431,449,861,865,894
2048,64,500000,16,16,mutex-vector,2342,2342,2381,2188,2190,2228,230,232,235,1957,1958,1992
2048,64,500000,16,16,rw-lock-vector,1679,1687,1713,1511,1520,1544,520,523,537,990,995,1018
2048,64,500000,16,16,double-moka,1473,1484,1505,1314,1327,1345,70,71,73,1243,1256,1274
2048,64,500000,16,16,mutex-arc-vector,2139,2143,2159,2009,2017,2031,260,261,263,1749,1755,1770
2048,64,500000,16,16,rw-lock-arc-vector,1711,1709,1792,1564,1565,1645,443,440,470,1121,1124,1195
2048,128,500000,6,6,mutex-vector,1103,1102,1115,780,780,795,206,206,210,573,572,588
2048,128,500000,6,6,rw-lock-vector,831,833,848,492,495,503,228,229,234,263,264,270
2048,128,500000,6,6,double-moka,964,964,973,652,653,670,128,129,132,523,524,537
2048,128,500000,6,6,mutex-arc-vector,1000,997,1015,721,718,735,218,218,222,502,500,515
2048,128,500000,6,6,rw-lock-arc-vector,788,786,805,501,499,517,217,220,224,283,281,303
2048,128,500000,6,10,mutex-vector,1394,1393,1412,1072,1073,1087,196,196,199,876,875,890
2048,128,500000,6,10,rw-lock-vector,961,966,977,622,623,642,236,236,245,384,386,400
2048,128,500000,6,10,double-moka,1198,1196,1246,875,870,924,128,128,137,747,741,787
2048,128,500000,6,10,mutex-arc-vector,1264,1253,1337,981,972,1057,211,209,227,769,762,830
2048,128,500000,6,10,rw-lock-arc-vector,882,880,917,588,583,617,204,201,228,382,380,415
2048,128,500000,6,16,mutex-vector,1876,1876,1897,1547,1546,1566,189,189,192,1357,1355,1376
2048,128,500000,6,16,rw-lock-vector,1124,1126,1134,778,779,792,238,239,245,539,539,552
2048,128,500000,6,16,double-moka,1555,1557,1571,1228,1231,1250,125,125,132,1102,1104,1121
2048,128,500000,6,16,mutex-arc-vector,1670,1681,1698,1382,1390,1411,203,203,207,1178,1185,1203
2048,128,500000,6,16,rw-lock-arc-vector,1056,1063,1093,748,746,785,207,199,244,539,543,584
2048,128,500000,10,6,mutex-vector,1336,1336,1363,1120,1119,1143,265,266,270,853,853,873
2048,128,500000,10,6,rw-lock-vector,1100,1093,1175,859,851,914,381,377,403,477,473,511
2048,128,500000,10,6,double-moka,697,693,742,510,508,546,104,104,113,404,402,432
2048,128,500000,10,6,mutex-arc-vector,1249,1249,1265,1080,1081,1096,286,283,296,794,796,806
2048,128,500000,10,6,rw-lock-arc-vector,1036,1039,1055,850,851,869,300,297,314,550,547,573
2048,128,500000,10,10,mutex-vector,1665,1667,1702,1454,1456,1485,239,239,245,1214,1216,1239
2048,128,500000,10,10,rw-lock-vector,1295,1295,1333,1060,1059,1092,376,374,384,683,683,708
2048,128,500000,10,10,double-moka,951,953,962,761,761,775,100,101,103,660,658,672
2048,128,500000,10,10,mutex-arc-vector,1546,1545,1572,1374,1375,1397,266,267,270,1108,1106,1129
2048,128,500000,10,10,rw-lock-arc-vector,1173,1172,1208,982,983,1017,285,287,303,696,701,736
2048,128,500000,10,16,mutex-vector,2209,2206,2258,1991,1987,2043,224,225,232,1767,1764,1811
2048,128,500000,10,16,rw-lock-vector,1553,1540,1671,1316,1308,1436,368,365,391,947,942,1045
2048,128,500000,10,16,double-moka,1340,1341,1355,1145,1146,1161,97,98,101,1047,1048,1061
2048,128,500000,10,16,mutex-arc-vector,1962,1953,2056,1789,1781,1880,242,241,253,1546,1540,1627
2048,128,500000,10,16,rw-lock-arc-vector,1351,1352,1383,1153,1154,1179,267,269,311,885,896,930
2048,128,500000,12,6,mutex-vector,1385,1388,1406,1181,1185,1199,276,276,279,904,908,921
2048,128,500000,12,6,rw-lock-vector,1124,1127,1153,898,906,922,417,418,429,480,490,496
2048,128,500000,12,6,double-moka,654,655,673,484,486,491,136,136,147,347,348,354
2048,128,500000,12,6,mutex-arc-vector,1323,1323,1374,1174,1175,1221,303,303,317,870,869,903
2048,128,500000,12,6,rw-lock-arc-vector,1158,1152,1203,983,980,1018,352,354,365,630,626,663
2048,128,500000,12,10,mutex-vector,1751,1752,1798,1547,1549,1596,252,254,257,1294,1294,1338
2048,128,500000,12,10,rw-lock-vector,1293,1299,1332,1077,1081,1117,408,409,419,669,668,708
2048,128,500000,12,10,double-moka,821,821,849,659,660,686,87,88,90,570,570,599
2048,128,500000,12,10,mutex-arc-vector,1578,1586,1608,1427,1430,1456,268,268,277,1157,1159,1185
2048,128,500000,12,10,rw-lock-arc-vector,1264,1264,1296,1091,1092,1128,331,332,347,758,759,796
2048,128,500000,12,16,mutex-vector,2188,2186,2229,1988,1986,2030,224,226,230,1762,1760,1799
2048,128,500000,12,16,rw-lock-vector,1599,1603,1629,1385,1389,1414,417,414,430,967,970,1003
2048,128,500000,12,16,double-moka,1399,1400,1416,1223,1225,1243,89,89,93,1132,1134,1155
2048,128,500000,12,16,mutex-arc-vector,2051,2071,2112,1892,1914,1950,250,254,258,1641,1657,1693
2048,128,500000,12,16,rw-lock-arc-vector,1465,1457,1549,1292,1291,1362,309,306,348,983,989,1065
2048,128,500000,16,6,mutex-vector,1431,1432,1444,1243,1243,1255,288,288,291,954,952,965
2048,128,500000,16,6,rw-lock-vector,1219,1213,1245,1003,998,1033,496,492,513,506,505,526
2048,128,500000,16,6,double-moka,680,679,698,533,532,552,230,231,247,301,300,318
2048,128,500000,16,6,mutex-arc-vector,1414,1415,1436,1287,1288,1310,329,329,341,957,959,969
2048,128,500000,16,6,rw-lock-arc-vector,1217,1223,1263,1076,1082,1122,422,424,443,652,651,687
2048,128,500000,16,10,mutex-vector,1772,1752,1839,1581,1572,1632,259,257,270,1321,1316,1364
2048,128,500000,16,10,rw-lock-vector,1392,1395,1416,1187,1196,1213,501,504,511,685,691,710
2048,128,500000,16,10,double-moka,724,715,763,574,563,617,126,122,146,448,441,498
2048,128,500000,16,10,mutex-arc-vector,1704,1704,1749,1576,1577,1620,291,291,298,1285,1285,1325
2048,128,500000,16,10,rw-lock-arc-vector,1424,1426,1470,1281,1281,1326,423,423,442,857,860,890
2048,128,500000,16,16,mutex-vector,2231,2226,2289,2050,2044,2106,232,232,237,1817,1814,1868
2048,128,500000,16,16,rw-lock-vector,1665,1675,1751,1465,1476,1550,525,528,563,939,936,987
2048,128,500000,16,16,double-moka,1438,1449,1475,1285,1294,1321,70,71,72,1214,1223,1249
2048,128,500000,16,16,mutex-arc-vector,2151,2151,2207,2021,2020,2080,262,262,270,1759,1758,1810
2048,128,500000,16,16,rw-lock-arc-vector,1697,1699,1790,1551,1554,1647,441,439,464,1109,1104,1192
2048,256,500000,6,6,mutex-vector,1111,1112,1123,757,757,769,216,216,221,540,541,553
2048,256,500000,6,6,rw-lock-vector,869,873,884,503,505,517,245,247,252,257,259,269
2048,256,500000,6,6,double-moka,980,981,994,662,662,680,131,130,136,530,532,544
2048,256,500000,6,6,mutex-arc-vector,1030,1027,1044,744,740,759,225,225,233,518,517,530
2048,256,500000,6,6,rw-lock-arc-vector,806,805,823,512,513,525,219,217,231,292,293,306
2048,256,500000,6,10,mutex-vector,1381,1377,1407,1032,1032,1056,205,206,210,825,827,847
2048,256,500000,6,10,rw-lock-vector,989,984,1021,618,613,643,250,251,258,366,361,394
2048,256,500000,6,10,double-moka,1204,1195,1262,878,871,936,130,128,144,747,742,792
2048,256,500000,6,10,mutex-arc-vector,1247,1247,1276,959,960,987,201,201,204,758,758,784
2048,256,500000,6,10,rw-lock-arc-vector,881,885,914,586,584,613,210,208,230,376,378,408
2048,256,500000,6,16,mutex-vector,1779,1779,1807,1431,1428,1457,183,183,184,1247,1244,1272
2048,256,500000,6,16,rw-lock-vector,1080,1072,1121,721,716,758,241,240,253,479,473,521
2048,256,500000,6,16,double-moka,1494,1492,1520,1170,1170,1191,120,120,129,1048,1051,1061
2048,256,500000,6,16,mutex-arc-vector,1636,1628,1700,1350,1342,1413,195,195,200,1154,1147,1212
2048,256,500000,6,16,rw-lock-arc-vector,1031,1032,1040,728,728,739,223,223,252,505,509,552
2048,256,500000,10,6,mutex-vector,1293,1291,1315,1032,1031,1049,260,260,265,771,770,790
2048,256,500000,10,6,rw-lock-vector,1074,1072,1102,791,792,821,375,373,389,415,418,445
2048,256,500000,10,6,double-moka,700,701,710,505,506,516,104,102,109,400,401,409
2048,256,500000,10,6,mutex-arc-vector,1236,1238,1257,1055,1056,1076,275,275,281,779,778,798
2048,256,500000,10,6,rw-lock-arc-vector,1015,1008,1042,821,813,852,293,297,317,527,535,549
2048,256,500000,10,10,mutex-vector,1591,1594,1623,1336,1341,1370,235,236,239,1100,1105,1131
2048,256,500000,10,10,rw-lock-vector,1242,1243,1282,961,958,1006,375,375,384,585,583,621
2048,256,500000,10,10,double-moka,945,942,967,749,750,774,100,100,103,648,648,670
2048,256,500000,10,10,mutex-arc-vector,1499,1492,1529,1319,1310,1347,249,250,252,1069,1062,1096
2048,256,500000,10,10,rw-lock-arc-vector,1145,1139,1179,948,940,984,283,275,318,664,662,710
2048,256,500000,10,16,mutex-vector,2055,2045,2157,1795,1789,1887,219,219,224,1576,1569,1663
2048,256,500000,10,16,rw-lock-vector,1550,1556,1607,1267,1275,1321,387,387,411,879,885,923
2048,256,500000,10,16,double-moka,1326,1327,1344,1133,1131,1150,101,101,103,1031,1029,1047
2048,256,500000,10,16,mutex-arc-vector,1950,1944,2056,1776,1774,1878,240,239,254,1535,1532,1623
2048,256,500000,10,16,rw-lock-arc-vector,1343,1335,1387,1149,1150,1191,259,261,297,889,892,933
2048,256,500000,12,6,mutex-vector,1431,1429,1473,1185,1188,1229,302,302,316,881,880,912
2048,256,500000,12,6,rw-lock-vector,1236,1237,1319,954,958,983,479,476,500,474,481,494
2048,256,500000,12,6,double-moka,659,660,667,491,492,499,141,143,146,349,352,356
2048,256,500000,12,6,mutex-arc-vector,1323,1319,1366,1175,1173,1211,303,304,309,870,869,902
2048,256,500000,12,6,rw-lock-arc-vector,1092,1092,1124,928,934,960,334,334,351,593,593,623
2048,256,500000,12,10,mutex-vector,1733,1729,1784,1488,1488,1539,267,268,283,1220,1219,1255
2048,256,500000,12,10,rw-lock-vector,1448,1444,1471,1170,1167,1191,481,479,498,688,686,721
2048,256,500000,12,10,double-moka,870,868,923,696,696,730,96,96,99,599,598,632
2048,256,500000,12,10,mutex-arc-vector,1579,1579,1612,1428,1425,1462,268,267,277,1160,1159,1186
2048,256,500000,12,10,rw-lock-arc-vector,1226,1224,1243,1060,1057,1079,319,322,340,741,749,784
2048,256,500000,12,16,mutex-vector,2151,2147,2240,1908,1898,1986,238,239,246,1669,1663,1740
2048,256,500000,12,16,rw-lock-vector,1616,1611,1670,1349,1345,1418,451,451,460,897,892,969
2048,256,500000,12,16,double-moka,1312,1310,1336,1135,1136,1159,87,86,92,1047,1049,1069
2048,256,500000,12,16,mutex-arc-vector,2011,1991,2120,1852,1833,1956,247,244,263,1604,1589,1693
2048,256,500000,12,16,rw-lock-arc-vector,1544,1536,1620,1363,1360,1439,322,329,372,1040,1043,1103
2048,256,500000,16,6,mutex-vector,1499,1500,1517,1261,1262,1281,319,316,330,942,948,955
2048,256,500000,16,6,rw-lock-vector,1293,1292,1333,1037,1034,1070,570,567,587,465,464,500
2048,256,500000,16,6,double-moka,678,678,701,532,529,551,231,230,241,299,297,322
2048,256,500000,16,6,mutex-arc-vector,1417,1419,1442,1290,1291,1314,331,331,339,958,960,974
2048,256,500000,16,6,rw-lock-arc-vector,1231,1234,1277,1091,1096,1134,431,433,449,659,654,690
2048,256,500000,16,10,mutex-vector,1830,1822,1904,1592,1584,1659,288,286,300,1303,1299,1361
2048,256,500000,16,10,rw-lock-vector,1490,1491,1531,1233,1238,1270,576,576,594,657,659,681
2048,256,500000,16,10,double-moka,761,760,893,605,605,702,123,126,136,481,489,573
2048,256,500000,16,10,mutex-arc-vector,1706,1708,1741,1577,1579,1612,292,292,304,1284,1283,1308
2048,256,500000,16,10,rw-lock-arc-vector,1404,1424,1435,1263,1285,1292,421,421,446,841,849,871
2048,256,500000,16,16,mutex-vector,2224,2224,2249,1992,1995,2016,250,251,257,1740,1741,1767
2048,256,500000,16,16,rw-lock-vector,1771,1767,1834,1514,1522,1555,586,593,602,926,936,961
2048,256,500000,16,16,double-moka,1369,1376,1423,1210,1218,1255,72,73,76,1136,1145,1184
2048,256,500000,16,16,mutex-arc-vector,2148,2152,2183,2018,2022,2052,263,264,267,1754,1756,1790
2048,256,500000,16,16,rw-lock-arc-vector,1696,1704,1787,1548,1559,1641,435,434,456,1113,1124,1185
4096,64,500000,6,6,mutex-vector,1285,1284,1298,948,946,965,247,246,252,700,699,713
4096,64,500000,6,6,rw-lock-vector,943,941,965,599,600,612,285,286,296,313,315,323
4096,64,500000,6,6,double-moka,998,993,1022,692,686,716,131,130,141,559,556,575
4096,64,500000,6,6,mutex-arc-vector,1031,1032,1046,750,749,765,225,226,231,524,524,539
4096,64,500000,6,6,rw-lock-arc-vector,812,813,831,523,525,543,223,223,232,299,298,322
4096,64,500000,6,10,mutex-vector,1640,1638,1686,1313,1312,1347,239,239,247,1073,1075,1100
4096,64,500000,6,10,rw-lock-vector,1092,1091,1115,745,742,772,296,295,308,449,450,463
4096,64,500000,6,10,double-moka,1261,1261,1306,946,948,966,135,137,141,810,810,826
4096,64,500000,6,10,mutex-arc-vector,1299,1302,1329,1014,1018,1044,218,218,222,795,800,825
4096,64,500000,6,10,rw-lock-arc-vector,914,916,950,614,610,645,225,228,239,389,376,433
4096,64,500000,6,16,mutex-vector,2200,2194,2248,1874,1867,1920,230,231,234,1643,1635,1689
4096,64,500000,6,16,rw-lock-vector,1344,1352,1389,987,998,1024,319,318,334,667,672,707
4096,64,500000,6,16,double-moka,1642,1645,1670,1318,1318,1346,131,131,142,1186,1186,1204
4096,64,500000,6,16,mutex-arc-vector,1700,1699,1740,1411,1412,1453,211,212,216,1199,1201,1243
4096,64,500000,6,16,rw-lock-arc-vector,1066,1066,1088,763,760,781,218,214,249,544,550,563
4096,64,500000,10,6,mutex-vector,1514,1508,1550,1308,1303,1341,300,298,309,1007,1003,1031
4096,64,500000,10,6,rw-lock-vector,1221,1205,1291,989,977,1051,451,445,477,537,531,580
4096,64,500000,10,6,double-moka,719,717,757,536,536,568,112,111,121,423,423,447
4096,64,500000,10,6,mutex-arc-vector,1287,1288,1309,1119,1120,1142,295,295,301,824,822,841
4096,64,500000,10,6,rw-lock-arc-vector,1061,1059,1088,873,871,891,317,319,334,555,556,582
4096,64,500000,10,10,mutex-vector,1956,1949,1979,1751,1746,1773,281,279,289,1469,1466,1486
4096,64,500000,10,10,rw-lock-vector,1419,1418,1442,1194,1190,1214,438,435,454,755,753,778
4096,64,500000,10,10,double-moka,986,986,1004,801,802,823,106,108,111,694,694,713
4096,64,500000,10,10,mutex-arc-vector,1586,1588,1617,1415,1419,1444,273,274,281,1141,1145,1165
4096,64,500000,10,10,rw-lock-arc-vector,1227,1222,1291,1034,1025,1097,308,305,330,725,723,790
4096,64,500000,10,16,mutex-vector,2670,2668,2698,2460,2460,2488,271,272,275,2188,2186,2216
4096,64,500000,10,16,rw-lock-vector,1717,1719,1790,1485,1488,1562,440,436,468,1045,1041,1095
4096,64,500000,10,16,double-moka,1412,1411,1446,1225,1225,1258,107,108,111,1117,1115,1148
4096,64,500000,10,16,mutex-arc-vector,2009,2010,2040,1837,1839,1866,248,248,254,1588,1590,1612
4096,64,500000,10,16,rw-lock-arc-vector,1399,1389,1450,1197,1186,1250,292,290,327,905,908,972
4096,64,500000,12,6,mutex-vector,1571,1573,1594,1386,1387,1411,309,310,315,1076,1076,1095
4096,64,500000,12,6,rw-lock-vector,1226,1225,1255,1023,1022,1048,475,473,489,548,550,567
4096,64,500000,12,6,double-moka,680,682,695,514,515,525,148,149,158,365,364,374
4096,64,500000,12,6,mutex-arc-vector,1349,1355,1376,1202,1208,1228,308,310,318,892,896,912
4096,64,500000,12,6,rw-lock-arc-vector,1165,1162,1207,993,988,1036,366,369,382,626,621,666
4096,64,500000,12,10,mutex-vector,2078,2087,2137,1889,1894,1946,294,296,303,1594,1597,1643
4096,64,500000,12,10,rw-lock-vector,1443,1442,1501,1242,1245,1298,481,482,496,760,771,801
4096,64,500000,12,10,double-moka,840,837,879,680,678,718,93,93,96,586,584,623
4096,64,500000,12,10,mutex-arc-vector,1634,1629,1693,1483,1481,1539,277,276,290,1205,1201,1249
4096,64,500000,12,10,rw-lock-arc-vector,1297,1301,1320,1126,1132,1153,343,346,358,782,784,828
4096,64,500000,12,16,mutex-vector,2658,2664,2729,2471,2479,2537,268,269,280,2202,2207,2261
4096,64,500000,12,16,rw-lock-vector,1843,1846,1920,1633,1631,1704,509,508,538,1123,1111,1184
4096,64,500000,12,16,double-moka,1442,1437,1480,1267,1270,1291,95,97,99,1171,1177,1194
4096,64,500000,12,16,mutex-arc-vector,2031,2018,2129,1876,1866,1965,247,249,256,1628,1617,1713
4096,64,500000,12,16,rw-lock-arc-vector,1523,1520,1569,1351,1352,1388,317,318,335,1033,1036,1076
4096,64,500000,16,6,mutex-vector,1615,1613,1638,1455,1452,1481,316,316,323,1138,1136,1161
4096,64,500000,16,6,rw-lock-vector,1285,1291,1330,1105,1114,1148,551,547,575,553,556,575
4096,64,500000,16,6,double-moka,706,705,721,560,560,578,241,239,257,318,317,329
4096,64,500000,16,6,mutex-arc-vector,1448,1447,1482,1320,1319,1352,333,333,340,987,986,1012
4096,64,500000,16,6,rw-lock-arc-vector,1240,1239,1279,1100,1100,1139,429,430,445,670,671,693
4096,64,500000,16,10,mutex-vector,2075,2073,2107,1914,1910,1947,291,290,295,1622,1620,1652
4096,64,500000,16,10,rw-lock-vector,1505,1500,1557,1330,1329,1380,571,570,592,758,764,788
4096,64,500000,16,10,double-moka,743,736,791,596,588,639,131,131,138,464,457,509
4096,64,500000,16,10,mutex-arc-vector,1739,1738,1771,1611,1611,1645,295,296,304,1315,1314,1340
4096,64,500000,16,10,rw-lock-arc-vector,1424,1430,1447,1282,1289,1309,430,432,456,851,859,876
4096,64,500000,16,16,mutex-vector,2747,2748,2801,2587,2593,2641,272,273,277,2314,2319,2364
4096,64,500000,16,16,rw-lock-vector,1834,1842,1870,1656,1663,1696,624,625,643,1031,1032,1072
4096,64,500000,16,16,double-moka,1419,1424,1496,1271,1268,1351,74,74,77,1196,1192,1277
4096,64,500000,16,16,mutex-arc-vector,2198,2199,2238,2068,2071,2109,265,265,273,1803,1804,1835
4096,64,500000,16,16,rw-lock-arc-vector,1691,1703,1747,1544,1555,1597,447,446,463,1096,1100,1149
4096,128,500000,6,6,mutex-vector,1294,1297,1313,952,950,971,255,255,258,697,697,713
4096,128,500000,6,6,rw-lock-vector,977,977,997,621,622,634,304,304,314,316,318,325
4096,128,500000,6,6,double-moka,1044,1046,1074,727,729,754,141,141,150,586,588,603
4096,128,500000,6,6,mutex-arc-vector,1061,1061,1085,772,771,794,233,234,239,538,536,558
4096,128,500000,6,6,rw-lock-arc-vector,835,831,864,537,532,560,233,232,245,303,299,329
4096,128,500000,6,10,mutex-vector,1669,1665,1717,1329,1322,1371,245,245,251,1083,1076,1120
4096,128,500000,6,10,rw-lock-vector,1118,1119,1147,759,760,783,315,313,326,444,442,468
4096,128,500000,6,10,double-moka,1270,1269,1311,949,952,986,138,140,147,811,811,839
4096,128,500000,6,10,mutex-arc-vector,1278,1275,1305,997,996,1029,215,215,222,781,783,810
4096,128,500000,6,10,rw-lock-arc-vector,908,905,938,613,611,643,217,212,234,396,402,432
4096,128,500000,6,16,mutex-vector,2213,2196,2375,1878,1863,2040,234,233,255,1643,1631,1785
4096,128,500000,6,16,rw-lock-vector,1325,1308,1397,963,945,1044,326,325,351,636,618,692
4096,128,500000,6,16,double-moka,1624,1627,1652,1305,1316,1330,135,138,143,1168,1175,1187
4096,128,500000,6,16,mutex-arc-vector,1692,1689,1718,1408,1404,1435,210,209,219,1196,1195,1225
4096,128,500000,6,16,rw-lock-arc-vector,1063,1061,1090,757,757,784,218,211,253,538,546,585
4096,128,500000,10,6,mutex-vector,1580,1557,1702,1350,1331,1463,320,317,343,1029,1011,1120
4096,128,500000,10,6,rw-lock-vector,1251,1238,1346,1000,994,1079,469,460,507,530,536,572
4096,128,500000,10,6,double-moka,736,740,749,551,558,564,114,116,119,436,442,446
4096,128,500000,10,6,mutex-arc-vector,1311,1308,1333,1141,1138,1165,301,302,307,839,837,857
4096,128,500000,10,6,rw-lock-arc-vector,1071,1072,1102,884,886,906,318,318,333,566,572,590
4096,128,500000,10,10,mutex-vector,1952,1957,1994,1733,1739,1767,287,288,294,1446,1450,1473
4096,128,500000,10,10,rw-lock-vector,1447,1442,1539,1198,1196,1270,465,456,510,732,737,772
4096,128,500000,10,10,double-moka,975,966,1035,791,787,838,108,109,114,682,678,723
4096,128,500000,10,10,mutex-arc-vector,1566,1563,1590,1396,1394,1422,267,267,272,1128,1127,1153
4096,128,500000,10,10,rw-lock-arc-vector,1213,1213,1240,1020,1019,1051,298,297,316,721,715,755
4096,128,500000,10,16,mutex-vector,2556,2554,2595,2335,2332,2379,265,266,270,2069,2067,2109
4096,128,500000,10,16,rw-lock-vector,1742,1733,1800,1497,1497,1562,463,460,480,1032,1035,1086
4096,128,500000,10,16,double-moka,1397,1400,1419,1209,1209,1230,107,109,113,1100,1101,1117
4096,128,500000,10,16,mutex-arc-vector,2005,2001,2046,1833,1830,1874,248,249,253,1585,1579,1625
4096,128,500000,10,16,rw-lock-arc-vector,1405,1400,1465,1205,1212,1259,299,296,331,905,927,976
4096,128,500000,12,6,mutex-vector,1600,1594,1684,1394,1385,1467,321,320,334,1072,1065,1132
4096,128,500000,12,6,rw-lock-vector,1309,1311,1343,1079,1078,1112,517,517,536,561,562,583
4096,128,500000,12,6,double-moka,666,668,677,505,507,512,147,148,156,357,359,364
4096,128,500000,12,6,mutex-arc-vector,1337,1334,1363,1191,1188,1213,305,307,312,885,882,901
4096,128,500000,12,6,rw-lock-arc-vector,1104,1104,1143,943,947,979,336,336,355,605,613,638
4096,128,500000,12,10,mutex-vector,2059,2067,2135,1852,1863,1928,301,302,313,1549,1559,1617
4096,128,500000,12,10,rw-lock-vector,1508,1501,1612,1280,1279,1363,524,515,572,755,757,790
4096,128,500000,12,10,double-moka,847,846,882,683,680,719,96,97,101,586,583,619
4096,128,500000,12,10,mutex-arc-vector,1626,1620,1707,1474,1468,1551,275,274,290,1198,1189,1261
4096,128,500000,12,10,rw-lock-arc-vector,1355,1345,1430,1174,1162,1245,366,366,387,807,806,876
4096,128,500000,12,16,mutex-vector,2640,2647,2730,2432,2435,2528,273,272,287,2158,2161,2241
4096,128,500000,12,16,rw-lock-vector,1770,1781,1885,1547,1559,1640,523,514,572,1024,1019,1092
4096,128,500000,12,16,double-moka,1384,1382,1449,1213,1215,1246,96,97,102,1116,1115,1151
4096,128,500000,12,16,mutex-arc-vector,2063,2067,2094,1910,1916,1933,252,251,257,1658,1663,1682
4096,128,500000,12,16,rw-lock-arc-vector,1504,1508,1566,1326,1331,1395,336,344,362,989,984,1060
4096,128,500000,16,6,mutex-vector,1629,1631,1656,1436,1433,1468,330,328,337,1105,1107,1130
4096,128,500000,16,6,rw-lock-vector,1338,1345,1374,1130,1133,1159,586,587,602,543,553,558
4096,128,500000,16,6,double-moka,709,707,721,561,561,574,243,242,251,317,316,330
4096,128,500000,16,6,mutex-arc-vector,1424,1422,1458,1298,1295,1333,326,326,338,971,968,995
4096,128,500000,16,6,rw-lock-arc-vector,1246,1239,1281,1105,1101,1137,437,435,451,667,668,686
4096,128,500000,16,10,mutex-vector,2025,2028,2043,1836,1843,1857,296,295,303,1540,1545,1554
4096,128,500000,16,10,rw-lock-vector,1548,1550,1569,1347,1345,1376,606,608,614,740,742,762
4096,128,500000,16,10,double-moka,750,740,874,599,593,692,135,136,145,463,454,560
4096,128,500000,16,10,mutex-arc-vector,1731,1734,1758,1605,1606,1632,294,295,299,1310,1308,1333
4096,128,500000,16,10,rw-lock-arc-vector,1439,1439,1494,1297,1301,1350,435,433,452,861,863,900
4096,128,500000,16,16,mutex-vector,2631,2630,2661,2449,2442,2481,273,274,281,2175,2170,2204
4096,128,500000,16,16,rw-lock-vector,1829,1838,1869,1632,1637,1674,637,635,659,994,998,1031
4096,128,500000,16,16,double-moka,1427,1429,1481,1279,1285,1326,76,76,78,1202,1208,1247
4096,128,500000,16,16,mutex-arc-vector,2213,2220,2254,2084,2090,2124,267,268,274,1816,1823,1850
4096,128,500000,16,16,rw-lock-arc-vector,1713,1723,1794,1567,1581,1647,453,447,488,1113,1112,1182
4096,256,500000,6,6,mutex-vector,1267,1267,1285,919,917,938,255,256,261,663,664,682
4096,256,500000,6,6,rw-lock-vector,970,974,980,612,613,619,315,314,320,296,296,306
4096,256,500000,6,6,double-moka,1036,1033,1109,719,724,771,143,145,156,575,578,614
4096,256,500000,6,6,mutex-arc-vector,1046,1046,1062,761,762,776,228,229,233,532,533,548
4096,256,500000,6,6,rw-lock-arc-vector,820,824,833,527,528,538,226,226,237,301,301,316
4096,256,500000,6,10,mutex-vector,1623,1616,1654,1277,1273,1310,246,247,251,1029,1025,1061
4096,256,500000,6,10,rw-lock-vector,1127,1131,1157,764,768,781,331,331,341,432,433,447
4096,256,500000,6,10,double-moka,1279,1283,1302,956,962,986,143,144,151,812,815,835
4096,256,500000,6,10,mutex-arc-vector,1315,1318,1339,1026,1027,1047,220,220,224,805,810,823
4096,256,500000,6,10,rw-lock-arc-vector,933,932,963,631,629,655,223,217,245,407,410,438
4096,256,500000,6,16,mutex-vector,2171,2176,2203,1820,1827,1857,235,235,239,1584,1589,1619
4096,256,500000,6,16,rw-lock-vector,1334,1340,1367,966,974,998,341,341,354,624,626,663
4096,256,500000,6,16,double-moka,1605,1603,1655,1279,1275,1310,137,138,143,1141,1140,1168
4096,256,500000,6,16,mutex-arc-vector,1688,1673,1749,1406,1391,1472,207,206,220,1197,1187,1257
4096,256,500000,6,16,rw-lock-arc-vector,1048,1043,1084,752,750,777,200,194,234,551,554,577
4096,256,500000,10,6,mutex-vector,1527,1524,1554,1263,1258,1288,328,327,336,934,931,959
4096,256,500000,10,6,rw-lock-vector,1257,1256,1270,961,961,980,498,498,508,462,462,476
4096,256,500000,10,6,double-moka,737,741,751,550,554,563,117,118,121,432,434,442
4096,256,500000,10,6,mutex-arc-vector,1317,1319,1331,1146,1149,1161,300,301,305,846,847,856
4096,256,500000,10,6,rw-lock-arc-vector,1074,1074,1099,885,884,911,318,318,334,566,564,594
4096,256,500000,10,10,mutex-vector,1969,1957,2116,1707,1698,1836,311,310,327,1396,1387,1509
4096,256,500000,10,10,rw-lock-vector,1491,1477,1593,1197,1192,1272,514,509,544,682,687,730
4096,256,500000,10,10,double-moka,969,972,983,783,786,797,112,114,116,670,672,681
4096,256,500000,10,10,mutex-arc-vector,1581,1588,1608,1412,1417,1436,270,272,276,1141,1143,1160
4096,256,500000,10,10,rw-lock-arc-vector,1223,1222,1269,1029,1028,1071,307,306,340,721,721,790
4096,256,500000,10,16,mutex-vector,2428,2435,2485,2174,2184,2219,271,271,275,1903,1911,1944
4096,256,500000,10,16,rw-lock-vector,1682,1682,1743,1408,1401,1476,484,484,503,923,919,973
4096,256,500000,10,16,double-moka,1354,1349,1392,1161,1157,1194,108,108,115,1053,1051,1079
4096,256,500000,10,16,mutex-arc-vector,1973,1974,2020,1802,1804,1847,243,244,247,1557,1559,1599
4096,256,500000,10,16,rw-lock-arc-vector,1391,1385,1448,1192,1192,1247,289,280,328,902,917,968
4096,256,500000,12,6,mutex-vector,1615,1611,1658,1356,1353,1392,354,356,361,1001,995,1031
4096,256,500000,12,6,rw-lock-vector,1399,1394,1426,1087,1087,1114,581,582,593,504,500,537
4096,256,500000,12,6,double-moka,684,684,698,517,518,526,152,152,162,364,365,375
4096,256,500000,12,6,mutex-arc-vector,1351,1353,1399,1203,1204,1239,309,308,315,893,896,923
4096,256,500000,12,6,rw-lock-arc-vector,1108,1114,1127,945,949,961,346,349,358,598,601,615
4096,256,500000,12,10,mutex-vector,1975,1964,2024,1725,1717,1782,318,317,331,1406,1397,1450
4096,256,500000,12,10,rw-lock-vector,1624,1605,1786,1321,1310,1456,594,590,666,726,725,790
4096,256,500000,12,10,double-moka,846,831,903,679,666,723,100,99,109,578,565,618
4096,256,500000,12,10,mutex-arc-vector,1621,1612,1677,1469,1461,1514,274,274,281,1194,1189,1233
4096,256,500000,12,10,rw-lock-arc-vector,1281,1268,1332,1114,1105,1167,330,337,360,783,788,829
4096,256,500000,12,16,mutex-vector,2471,2481,2524,2225,2238,2276,284,283,297,1940,1954,1986
4096,256,500000,12,16,rw-lock-vector,1784,1788,1861,1508,1511,1576,550,546,571,957,959,1017
4096,256,500000,12,16,double-moka,1308,1312,1348,1147,1154,1184,97,99,101,1048,1055,1083
4096,256,500000,12,16,mutex-arc-vector,2122,2119,2155,1963,1959,1997,258,257,264,1704,1699,1735
4096,256,500000,12,16,rw-lock-arc-vector,1562,1570,1612,1380,1390,1432,352,341,392,1027,1015,1110
4096,256,500000,16,6,mutex-vector,1692,1684,1786,1422,1416,1497,376,374,395,1045,1040,1102
4096,256,500000,16,6,rw-lock-vector,1483,1483,1510,1160,1157,1185,673,671,700,486,485,502
4096,256,500000,16,6,double-moka,694,693,702,550,552,559,244,244,250,305,308,310
4096,256,500000,16,6,mutex-arc-vector,1426,1427,1448,1300,1302,1324,328,329,335,971,972,990
4096,256,500000,16,6,rw-lock-arc-vector,1233,1230,1262,1092,1090,1121,427,427,446,664,662,687
4096,256,500000,16,10,mutex-vector,2050,2047,2105,1783,1783,1820,337,336,348,1445,1445,1477
4096,256,500000,16,10,rw-lock-vector,1659,1656,1698,1351,1349,1408,678,677,696,672,671,712
4096,256,500000,16,10,double-moka,746,743,797,596,596,634,138,137,147,456,450,499
4096,256,500000,16,10,mutex-arc-vector,1740,1745,1769,1614,1618,1640,294,294,302,1318,1324,1337
4096,256,500000,16,10,rw-lock-arc-vector,1432,1436,1475,1291,1297,1329,437,437,457,853,859,891
4096,256,500000,16,16,mutex-vector,2507,2516,2601,2246,2260,2332,297,296,311,1948,1951,2031
4096,256,500000,16,16,rw-lock-vector,1957,1950,2072,1654,1652,1750,702,698,749,951,954,1021
4096,256,500000,16,16,double-moka,1335,1340,1408,1178,1184,1240,80,80,83,1097,1103,1158
4096,256,500000,16,16,mutex-arc-vector,2206,2206,2266,2076,2076,2132,267,269,275,1808,1808,1857
4096,256,500000,16,16,rw-lock-arc-vector,1744,1750,1813,1599,1610,1667,459,458,474,1140,1154,1193
