Global,Cache,Events,Threads,Read/Write Ratio,Min Size,Max Size,Scenario,Avg Total Time (ms),Median Total Time (ms),Max Total Time (ms),Avg Exec Time (ms),Median Exec Time (ms),Max Exec Time (ms),Avg Write Time (ms),Median Write Time (ms),Max Write Time (ms),Avg Read Time (ms),Median Read Time (ms),Max Read Time (ms)
256,64,500000,6,6,60,200,rw-lock-vector,596,595,641,569,568,609,184,181,198,385,387,419
256,64,500000,6,6,60,200,double-moka,632,631,649,596,594,619,92,92,98,503,502,521
256,64,500000,6,6,60,200,rw-lock-arc-vector,656,653,692,623,622,667,237,239,245,384,382,426
256,64,500000,6,6,10000,20000,rw-lock-vector,1937,1931,1955,259,259,263,96,96,102,162,162,165
256,64,500000,6,6,10000,20000,double-moka,2347,2345,2371,631,631,638,187,187,191,444,443,450
256,64,500000,6,6,10000,20000,rw-lock-arc-vector,1961,1962,1978,334,334,348,177,177,189,156,158,161
256,64,500000,6,10,60,200,rw-lock-vector,718,719,753,687,687,724,172,173,182,514,518,546
256,64,500000,6,10,60,200,double-moka,878,877,892,831,832,837,91,91,93,740,740,744
256,64,500000,6,10,60,200,rw-lock-arc-vector,807,810,849,770,778,812,233,234,247,537,562,577
256,64,500000,6,10,10000,20000,rw-lock-vector,1959,1957,1983,300,301,304,97,97,101,202,202,206
256,64,500000,6,10,10000,20000,double-moka,2505,2502,2543,784,783,799,183,183,187,600,599,612
256,64,500000,6,10,10000,20000,rw-lock-arc-vector,2030,2032,2051,390,391,403,178,179,182,211,212,223
256,64,500000,6,16,60,200,rw-lock-vector,933,931,980,899,896,947,177,180,193,721,715,755
256,64,500000,6,16,60,200,double-moka,1257,1255,1270,1207,1207,1212,91,91,92,1115,1114,1121
256,64,500000,6,16,60,200,rw-lock-arc-vector,1019,1008,1089,975,960,1047,241,247,254,733,735,810
256,64,500000,6,16,10000,20000,rw-lock-vector,2043,2047,2074,371,371,383,99,99,103,271,270,284
256,64,500000,6,16,10000,20000,double-moka,2691,2700,2740,994,998,1006,180,180,184,814,817,822
256,64,500000,6,16,10000,20000,rw-lock-arc-vector,2128,2127,2160,533,533,558,197,199,202,335,334,355
256,64,500000,10,6,60,200,rw-lock-vector,805,804,838,780,777,811,262,260,282,517,520,534
256,64,500000,10,6,60,200,double-moka,531,531,539,504,504,515,157,157,167,346,347,350
256,64,500000,10,6,60,200,rw-lock-arc-vector,878,877,926,849,850,898,346,346,363,502,501,535
256,64,500000,10,6,10000,20000,rw-lock-vector,1600,1597,1617,587,588,606,227,229,236,358,359,369
256,64,500000,10,6,10000,20000,double-moka,1592,1587,1628,533,533,539,155,155,158,378,378,381
256,64,500000,10,6,10000,20000,rw-lock-arc-vector,2026,2024,2043,1046,1043,1063,459,460,468,585,584,594
256,64,500000,10,10,60,200,rw-lock-vector,1008,1014,1059,978,981,1027,270,266,295,707,709,731
256,64,500000,10,10,60,200,double-moka,750,738,799,722,709,764,69,69,71,651,640,695
256,64,500000,10,10,60,200,rw-lock-arc-vector,1130,1130,1233,1097,1096,1203,383,380,429,713,718,773
256,64,500000,10,10,10000,20000,rw-lock-vector,1718,1722,1760,727,729,748,242,242,253,484,485,495
256,64,500000,10,10,10000,20000,double-moka,1684,1682,1744,645,642,660,147,146,150,497,496,509
256,64,500000,10,10,10000,20000,rw-lock-arc-vector,2100,2098,2127,1151,1149,1177,449,448,457,701,703,719
256,64,500000,10,16,60,200,rw-lock-vector,1271,1258,1377,1234,1221,1338,285,279,315,947,937,1023
256,64,500000,10,16,60,200,double-moka,1251,1249,1269,1212,1214,1225,71,71,74,1141,1143,1153
256,64,500000,10,16,60,200,rw-lock-arc-vector,1417,1428,1519,1378,1392,1480,405,403,436,972,973,1043
256,64,500000,10,16,10000,20000,rw-lock-vector,1904,1906,1945,939,938,973,250,249,263,688,687,723
256,64,500000,10,16,10000,20000,double-moka,1911,1896,2000,854,849,898,142,142,149,712,707,748
256,64,500000,10,16,10000,20000,rw-lock-arc-vector,2392,2397,2423,1396,1397,1434,460,460,471,936,934,963
256,64,500000,12,6,60,200,rw-lock-vector,833,837,862,809,812,839,304,302,326,504,510,526
256,64,500000,12,6,60,200,double-moka,526,525,542,502,501,520,196,197,205,305,304,314
256,64,500000,12,6,60,200,rw-lock-arc-vector,956,952,1045,932,927,1022,410,407,459,521,521,562
256,64,500000,12,6,10000,20000,rw-lock-vector,1599,1570,1675,699,691,746,285,282,304,413,408,442
256,64,500000,12,6,10000,20000,double-moka,1469,1467,1502,496,496,503,142,142,146,353,354,356
256,64,500000,12,6,10000,20000,rw-lock-arc-vector,2065,2060,2106,1224,1222,1243,535,533,548,689,691,697
256,64,500000,12,10,60,200,rw-lock-vector,1073,1068,1136,1048,1044,1110,337,338,355,710,711,757
256,64,500000,12,10,60,200,double-moka,616,607,644,588,576,619,80,80,86,507,492,543
256,64,500000,12,10,60,200,rw-lock-arc-vector,1194,1189,1242,1164,1160,1213,453,453,466,710,709,746
256,64,500000,12,10,10000,20000,rw-lock-vector,1747,1750,1771,863,874,882,303,305,310,559,567,571
256,64,500000,12,10,10000,20000,double-moka,1578,1582,1602,615,616,624,134,134,138,480,480,487
256,64,500000,12,10,10000,20000,rw-lock-arc-vector,2210,2183,2484,1345,1334,1528,531,522,610,813,805,918
256,64,500000,12,16,60,200,rw-lock-vector,1370,1375,1446,1328,1333,1401,350,355,382,977,972,1018
256,64,500000,12,16,60,200,double-moka,1328,1330,1353,1287,1290,1311,60,60,63,1226,1228,1249
256,64,500000,12,16,60,200,rw-lock-arc-vector,1521,1518,1576,1485,1484,1545,510,511,536,974,961,1016
256,64,500000,12,16,10000,20000,rw-lock-vector,1974,1977,2016,1099,1097,1152,299,297,315,799,799,838
256,64,500000,12,16,10000,20000,double-moka,1800,1786,1891,868,863,911,132,132,142,735,729,769
256,64,500000,12,16,10000,20000,rw-lock-arc-vector,2383,2400,2411,1517,1529,1557,509,507,524,1007,1018,1035
256,64,500000,16,6,60,200,rw-lock-vector,913,913,943,890,890,920,392,391,402,497,499,530
256,64,500000,16,6,60,200,double-moka,562,559,607,539,537,582,250,248,275,289,288,307
256,64,500000,16,6,60,200,rw-lock-arc-vector,1024,1025,1086,997,998,1060,493,495,527,503,502,532
256,64,500000,16,6,10000,20000,rw-lock-vector,1582,1578,1620,804,793,850,372,367,399,431,426,451
256,64,500000,16,6,10000,20000,double-moka,1286,1256,1382,470,455,530,134,130,159,336,326,371
256,64,500000,16,6,10000,20000,rw-lock-arc-vector,2093,2085,2135,1363,1353,1405,610,607,629,751,747,775
256,64,500000,16,10,60,200,rw-lock-vector,1162,1153,1234,1134,1123,1207,445,442,484,688,679,723
256,64,500000,16,10,60,200,double-moka,670,666,715,647,641,694,150,148,180,496,494,552
256,64,500000,16,10,60,200,rw-lock-arc-vector,1296,1295,1358,1261,1261,1326,574,566,605,686,686,720
256,64,500000,16,10,10000,20000,rw-lock-vector,1832,1839,1877,1057,1056,1111,430,431,455,625,624,658
256,64,500000,16,10,10000,20000,double-moka,1390,1382,1468,597,591,661,118,118,124,478,473,536
256,64,500000,16,10,10000,20000,rw-lock-arc-vector,2270,2265,2313,1515,1510,1548,622,620,641,892,890,919
256,64,500000,16,16,60,200,rw-lock-vector,1515,1513,1621,1488,1489,1592,526,523,564,961,960,1028
256,64,500000,16,16,60,200,double-moka,1393,1397,1428,1338,1339,1384,49,50,51,1288,1289,1334
256,64,500000,16,16,60,200,rw-lock-arc-vector,1691,1722,1796,1662,1692,1768,701,701,751,960,984,1023
256,64,500000,16,16,10000,20000,rw-lock-vector,2154,2149,2256,1380,1374,1488,478,476,518,902,896,970
256,64,500000,16,16,10000,20000,double-moka,1651,1657,1678,876,878,892,109,109,112,766,767,780
256,64,500000,16,16,10000,20000,rw-lock-arc-vector,2560,2560,2622,1802,1801,1862,659,658,681,1142,1142,1182
256,128,500000,6,6,60,200,rw-lock-vector,583,588,615,552,558,588,171,173,186,380,385,401
256,128,500000,6,6,60,200,double-moka,643,645,651,603,605,607,94,94,96,509,510,511
256,128,500000,6,6,60,200,rw-lock-arc-vector,660,656,695,624,621,659,222,224,229,401,400,432
256,128,500000,6,6,10000,20000,rw-lock-vector,1989,1990,2011,307,309,321,112,113,119,194,195,204
256,128,500000,6,6,10000,20000,double-moka,2357,2352,2410,649,650,662,194,195,199,454,455,462
256,128,500000,6,6,10000,20000,rw-lock-arc-vector,2026,2028,2046,367,365,382,192,192,197,173,172,185
256,128,500000,6,10,60,200,rw-lock-vector,721,718,783,687,682,744,163,156,189,523,526,555
256,128,500000,6,10,60,200,double-moka,878,878,888,832,836,843,93,93,96,739,742,749
256,128,500000,6,10,60,200,rw-lock-arc-vector,800,788,860,762,758,815,215,215,225,546,550,590
256,128,500000,6,10,10000,20000,rw-lock-vector,2033,2033,2062,353,354,376,113,112,121,239,239,256
256,128,500000,6,10,10000,20000,double-moka,2425,2420,2464,775,774,804,184,185,193,589,589,611
256,128,500000,6,10,10000,20000,rw-lock-arc-vector,2007,2006,2023,414,414,430,188,188,192,226,228,240
256,128,500000,6,16,60,200,rw-lock-vector,897,889,967,860,857,926,155,152,181,703,704,745
256,128,500000,6,16,60,200,double-moka,1226,1225,1238,1164,1164,1180,91,91,93,1072,1073,1087
256,128,500000,6,16,60,200,rw-lock-arc-vector,1012,1002,1085,963,958,1047,220,222,233,742,752,822
256,128,500000,6,16,10000,20000,rw-lock-vector,2055,2053,2083,416,416,426,111,113,114,304,301,314
256,128,500000,6,16,10000,20000,double-moka,2708,2709,2734,1011,1011,1021,188,189,193,822,822,829
256,128,500000,6,16,10000,20000,rw-lock-arc-vector,2197,2190,2276,561,557,622,206,205,222,354,357,399
256,128,500000,10,6,60,200,rw-lock-vector,789,791,836,765,765,815,259,258,283,505,504,531
256,128,500000,10,6,60,200,double-moka,526,527,534,500,500,505,162,161,169,337,336,343
256,128,500000,10,6,60,200,rw-lock-arc-vector,879,876,929,851,845,902,346,345,367,505,495,538
256,128,500000,10,6,10000,20000,rw-lock-vector,1653,1650,1668,662,663,674,270,271,276,391,391,398
256,128,500000,10,6,10000,20000,double-moka,1547,1537,1604,523,526,534,153,154,156,369,371,378
256,128,500000,10,6,10000,20000,rw-lock-arc-vector,1938,1936,1970,1003,1000,1030,441,440,451,561,560,579
256,128,500000,10,10,60,200,rw-lock-vector,1018,1018,1066,988,988,1037,283,281,305,703,713,732
256,128,500000,10,10,60,200,double-moka,723,715,764,694,685,734,70,71,74,622,614,663
256,128,500000,10,10,60,200,rw-lock-arc-vector,1110,1114,1159,1080,1083,1128,370,370,384,708,709,743
256,128,500000,10,10,10000,20000,rw-lock-vector,1758,1744,1866,781,770,876,281,278,314,499,491,561
256,128,500000,10,10,10000,20000,double-moka,1750,1757,1781,670,673,682,154,154,158,515,518,523
256,128,500000,10,10,10000,20000,rw-lock-arc-vector,2190,2185,2247,1206,1201,1273,471,469,496,735,732,777
256,128,500000,10,16,60,200,rw-lock-vector,1255,1267,1308,1221,1233,1279,275,272,305,945,959,991
256,128,500000,10,16,60,200,double-moka,1223,1226,1243,1187,1191,1208,72,72,75,1114,1117,1132
256,128,500000,10,16,60,200,rw-lock-arc-vector,1476,1462,1560,1435,1418,1517,424,424,449,1011,996,1067
256,128,500000,10,16,10000,20000,rw-lock-vector,2029,2033,2057,999,996,1020,290,290,297,708,705,725
256,128,500000,10,16,10000,20000,double-moka,1973,1961,2032,876,877,888,149,149,152,727,726,736
256,128,500000,10,16,10000,20000,rw-lock-arc-vector,2327,2329,2365,1367,1368,1401,446,447,455,920,922,946
256,128,500000,12,6,60,200,rw-lock-vector,843,841,882,820,820,859,312,315,330,507,503,536
256,128,500000,12,6,60,200,double-moka,542,541,557,519,518,532,208,208,215,310,311,320
256,128,500000,12,6,60,200,rw-lock-arc-vector,951,953,981,926,924,961,407,403,422,519,519,541
256,128,500000,12,6,10000,20000,rw-lock-vector,1649,1645,1684,742,737,766,321,322,331,420,420,435
256,128,500000,12,6,10000,20000,double-moka,1471,1472,1489,511,512,519,147,147,150,362,363,368
256,128,500000,12,6,10000,20000,rw-lock-arc-vector,2046,2048,2068,1213,1211,1226,528,529,534,683,682,696
256,128,500000,12,10,60,200,rw-lock-vector,1075,1074,1133,1051,1051,1108,336,333,359,714,715,752
256,128,500000,12,10,60,200,double-moka,599,602,610,573,575,588,86,88,90,486,490,498
256,128,500000,12,10,60,200,rw-lock-arc-vector,1219,1233,1253,1191,1205,1226,458,459,476,732,744,761
256,128,500000,12,10,10000,20000,rw-lock-vector,1807,1806,1837,889,884,933,336,334,356,552,551,579
256,128,500000,12,10,10000,20000,double-moka,1582,1576,1642,624,619,655,139,139,142,484,480,513
256,128,500000,12,10,10000,20000,rw-lock-arc-vector,2196,2195,2222,1363,1359,1391,525,523,544,836,833,852
256,128,500000,12,16,60,200,rw-lock-vector,1447,1444,1523,1414,1414,1498,389,393,418,1024,1014,1079
256,128,500000,12,16,60,200,double-moka,1275,1272,1305,1239,1239,1263,65,66,67,1174,1174,1197
256,128,500000,12,16,60,200,rw-lock-arc-vector,1540,1541,1620,1505,1508,1582,520,518,550,985,992,1058
256,128,500000,12,16,10000,20000,rw-lock-vector,2006,2006,2082,1105,1098,1183,342,340,359,762,761,823
256,128,500000,12,16,10000,20000,double-moka,1829,1832,1846,854,853,871,136,136,139,718,717,732
256,128,500000,12,16,10000,20000,rw-lock-arc-vector,2399,2399,2420,1555,1558,1575,510,510,523,1044,1049,1061
256,128,500000,16,6,60,200,rw-lock-vector,920,924,949,900,902,929,399,392,418,500,509,516
256,128,500000,16,6,60,200,double-moka,575,575,597,552,553,576,265,263,282,287,287,297
256,128,500000,16,6,60,200,rw-lock-arc-vector,1035,1050,1079,1012,1027,1058,501,503,531,510,516,541
256,128,500000,16,6,10000,20000,rw-lock-vector,1651,1650,1679,840,839,864,414,413,430,425,424,437
256,128,500000,16,6,10000,20000,double-moka,1259,1258,1279,456,457,466,132,132,136,324,324,332
256,128,500000,16,6,10000,20000,rw-lock-arc-vector,2068,2079,2115,1331,1337,1372,603,604,644,727,728,737
256,128,500000,16,10,60,200,rw-lock-vector,1175,1173,1214,1152,1151,1189,457,456,479,693,692,712
256,128,500000,16,10,60,200,double-moka,658,655,698,635,633,675,156,156,174,478,478,536
256,128,500000,16,10,60,200,rw-lock-arc-vector,1279,1278,1349,1255,1256,1321,575,580,606,679,679,719
256,128,500000,16,10,10000,20000,rw-lock-vector,1841,1837,1902,1032,1028,1094,448,446,478,584,582,615
256,128,500000,16,10,10000,20000,double-moka,1391,1395,1412,594,595,615,125,125,136,468,467,492
256,128,500000,16,10,10000,20000,rw-lock-arc-vector,2273,2276,2313,1515,1515,1551,623,626,636,891,888,914
256,128,500000,16,16,60,200,rw-lock-vector,1517,1517,1585,1491,1494,1559,523,522,558,967,979,1000
256,128,500000,16,16,60,200,double-moka,1364,1368,1383,1310,1309,1342,50,51,52,1259,1258,1291
256,128,500000,16,16,60,200,rw-lock-arc-vector,1714,1715,1793,1685,1687,1765,706,705,736,978,981,1029
256,128,500000,16,16,10000,20000,rw-lock-vector,2211,2218,2267,1417,1430,1471,524,525,551,892,906,920
256,128,500000,16,16,10000,20000,double-moka,1644,1647,1658,861,860,869,116,116,119,744,744,751
256,128,500000,16,16,10000,20000,rw-lock-arc-vector,2545,2545,2632,1788,1788,1877,650,646,686,1138,1135,1191
512,64,500000,6,6,60,200,rw-lock-vector,578,581,620,547,552,585,167,167,186,379,384,399
512,64,500000,6,6,60,200,double-moka,654,656,667,614,617,623,95,95,97,518,520,528
512,64,500000,6,6,60,200,rw-lock-arc-vector,632,629,676,592,587,641,216,216,223,376,371,420
512,64,500000,6,6,10000,20000,rw-lock-vector,1936,1937,1949,307,305,319,117,117,122,190,189,197
512,64,500000,6,6,10000,20000,double-moka,2295,2288,2353,640,640,652,191,191,193,448,448,458
512,64,500000,6,6,10000,20000,rw-lock-arc-vector,2072,2071,2091,469,467,482,264,263,276,204,204,214
512,64,500000,6,10,60,200,rw-lock-vector,700,693,736,665,660,706,156,154,175,509,513,535
512,64,500000,6,10,60,200,double-moka,880,879,894,833,832,842,92,93,95,740,740,747
512,64,500000,6,10,60,200,rw-lock-arc-vector,799,794,856,756,753,819,220,221,229,536,534,589
512,64,500000,6,10,10000,20000,rw-lock-vector,2001,2002,2020,357,359,367,118,118,124,238,239,243
512,64,500000,6,10,10000,20000,double-moka,2512,2502,2563,811,806,852,193,193,207,617,614,644
512,64,500000,6,10,10000,20000,rw-lock-arc-vector,2186,2185,2222,545,543,567,272,272,280,272,270,287
512,64,500000,6,16,60,200,rw-lock-vector,905,897,984,857,851,941,157,152,179,699,697,761
512,64,500000,6,16,60,200,double-moka,1259,1259,1275,1202,1202,1221,93,93,95,1108,1107,1127
512,64,500000,6,16,60,200,rw-lock-arc-vector,1020,1015,1092,977,971,1042,217,217,235,759,767,818
512,64,500000,6,16,10000,20000,rw-lock-vector,2146,2138,2189,468,461,540,129,126,154,338,333,385
512,64,500000,6,16,10000,20000,double-moka,2743,2732,2921,1036,1035,1067,190,191,194,845,844,876
512,64,500000,6,16,10000,20000,rw-lock-arc-vector,2277,2260,2389,686,666,804,284,283,318,401,389,485
512,64,500000,10,6,60,200,rw-lock-vector,788,783,835,761,757,807,260,257,281,500,496,525
512,64,500000,10,6,60,200,double-moka,537,536,551,511,509,522,164,162,178,347,348,351
512,64,500000,10,6,60,200,rw-lock-arc-vector,892,891,934,864,862,906,352,352,374,510,505,540
512,64,500000,10,6,10000,20000,rw-lock-vector,1783,1775,1888,784,775,909,311,308,365,472,467,543
512,64,500000,10,6,10000,20000,double-moka,1595,1598,1623,537,536,554,157,157,163,379,378,390
512,64,500000,10,6,10000,20000,rw-lock-arc-vector,2124,2124,2158,1137,1141,1156,512,511,528,624,625,635
512,64,500000,10,10,60,200,rw-lock-vector,1005,1002,1073,977,973,1043,276,274,302,700,699,740
512,64,500000,10,10,60,200,double-moka,739,743,761,710,714,732,72,72,81,637,637,657
512,64,500000,10,10,60,200,rw-lock-arc-vector,1124,1117,1182,1090,1083,1152,380,377,401,710,704,757
512,64,500000,10,10,10000,20000,rw-lock-vector,1910,1913,1939,914,919,935,319,320,332,594,599,603
512,64,500000,10,10,10000,20000,double-moka,1692,1690,1764,657,656,685,150,150,158,506,506,526
512,64,500000,10,10,10000,20000,rw-lock-arc-vector,2220,2214,2275,1259,1256,1310,509,509,522,750,750,788
512,64,500000,10,16,60,200,rw-lock-vector,1296,1287,1378,1263,1259,1345,288,286,321,974,982,1023
512,64,500000,10,16,60,200,double-moka,1252,1250,1270,1215,1214,1234,71,71,72,1144,1143,1162
512,64,500000,10,16,60,200,rw-lock-arc-vector,1462,1465,1538,1421,1429,1498,419,419,441,1002,1016,1065
512,64,500000,10,16,10000,20000,rw-lock-vector,2054,2052,2117,1085,1080,1139,315,314,329,768,763,809
512,64,500000,10,16,10000,20000,double-moka,1906,1902,2010,859,858,878,143,143,146,715,714,733
512,64,500000,10,16,10000,20000,rw-lock-arc-vector,2482,2492,2526,1494,1512,1530,511,511,519,982,997,1012
512,64,500000,12,6,60,200,rw-lock-vector,847,843,897,824,821,873,308,307,335,515,512,541
512,64,500000,12,6,60,200,double-moka,541,539,560,516,515,536,206,205,217,310,309,318
512,64,500000,12,6,60,200,rw-lock-arc-vector,951,949,984,925,924,955,403,405,421,521,521,538
512,64,500000,12,6,10000,20000,rw-lock-vector,1819,1812,1978,906,897,1006,381,376,427,525,520,579
512,64,500000,12,6,10000,20000,double-moka,1470,1468,1493,505,505,513,145,145,148,359,360,365
512,64,500000,12,6,10000,20000,rw-lock-arc-vector,2138,2141,2166,1307,1311,1339,580,581,591,727,727,747
512,64,500000,12,10,60,200,rw-lock-vector,1080,1083,1143,1055,1058,1117,333,332,356,721,720,761
512,64,500000,12,10,60,200,double-moka,611,615,636,585,590,613,85,84,92,499,507,531
512,64,500000,12,10,60,200,rw-lock-arc-vector,1217,1215,1273,1188,1189,1233,461,463,488,726,738,755
512,64,500000,12,10,10000,20000,rw-lock-vector,1911,1907,1946,1022,1013,1059,378,377,391,643,639,667
512,64,500000,12,10,10000,20000,double-moka,1569,1572,1582,618,618,626,136,136,139,482,482,486
512,64,500000,12,10,10000,20000,rw-lock-arc-vector,2277,2279,2303,1439,1441,1456,567,568,576,871,874,885
512,64,500000,12,16,60,200,rw-lock-vector,1455,1464,1520,1422,1432,1485,378,372,417,1043,1049,1072
512,64,500000,12,16,60,200,double-moka,1289,1289,1315,1252,1254,1274,62,62,65,1189,1190,1210
512,64,500000,12,16,60,200,rw-lock-arc-vector,1540,1538,1608,1507,1507,1578,531,531,562,976,970,1049
512,64,500000,12,16,10000,20000,rw-lock-vector,2166,2184,2208,1284,1299,1322,386,385,400,897,910,924
512,64,500000,12,16,10000,20000,double-moka,1838,1848,1865,864,865,878,133,133,136,730,730,743
512,64,500000,12,16,10000,20000,rw-lock-arc-vector,2495,2504,2525,1657,1668,1693,551,551,562,1106,1111,1141
512,64,500000,16,6,60,200,rw-lock-vector,908,914,927,881,885,909,387,387,402,493,492,523
512,64,500000,16,6,60,200,double-moka,575,575,590,554,554,567,262,262,272,291,291,305
512,64,500000,16,6,60,200,rw-lock-arc-vector,1050,1054,1101,1028,1033,1080,508,507,538,519,527,544
512,64,500000,16,6,10000,20000,rw-lock-vector,1752,1751,1778,963,964,993,457,456,470,505,503,522
512,64,500000,16,6,10000,20000,double-moka,1264,1259,1299,463,459,484,132,132,143,330,326,343
512,64,500000,16,6,10000,20000,rw-lock-arc-vector,2130,2129,2169,1391,1385,1419,628,628,643,761,760,783
512,64,500000,16,10,60,200,rw-lock-vector,1164,1163,1229,1141,1138,1208,450,452,480,690,685,728
512,64,500000,16,10,60,200,double-moka,671,671,690,646,647,664,152,150,162,492,496,515
512,64,500000,16,10,60,200,rw-lock-arc-vector,1327,1326,1380,1302,1300,1357,601,596,623,701,706,735
512,64,500000,16,10,10000,20000,rw-lock-vector,1958,1944,2011,1171,1159,1225,491,488,515,679,671,709
512,64,500000,16,10,10000,20000,double-moka,1386,1380,1445,594,589,648,120,120,125,473,467,526
512,64,500000,16,10,10000,20000,rw-lock-arc-vector,2287,2289,2345,1543,1541,1594,632,634,648,910,906,946
512,64,500000,16,16,60,200,rw-lock-vector,1533,1530,1623,1506,1501,1598,528,522,569,978,984,1030
512,64,500000,16,16,60,200,double-moka,1405,1406,1429,1348,1349,1378,50,50,53,1298,1298,1325
512,64,500000,16,16,60,200,rw-lock-arc-vector,1692,1680,1771,1665,1656,1743,709,713,752,955,958,1006
512,64,500000,16,16,10000,20000,rw-lock-vector,2293,2293,2359,1513,1514,1588,545,543,579,967,968,1012
512,64,500000,16,16,10000,20000,double-moka,1669,1665,1694,884,882,911,111,111,114,772,770,800
512,64,500000,16,16,10000,20000,rw-lock-arc-vector,2596,2592,2669,1837,1829,1907,674,674,699,1163,1162,1207
512,128,500000,6,6,60,200,rw-lock-vector,579,583,599,548,553,567,166,164,176,381,384,400
512,128,500000,6,6,60,200,double-moka,662,656,695,620,614,655,98,97,107,521,517,548
512,128,500000,6,6,60,200,rw-lock-arc-vector,658,657,694,621,622,663,225,224,234,395,395,428
512,128,500000,6,6,10000,20000,rw-lock-vector,2062,2060,2094,381,381,392,143,143,148,237,238,244
512,128,500000,6,6,10000,20000,double-moka,2393,2389,2449,667,666,692,199,199,208,467,467,484
512,128,500000,6,6,10000,20000,rw-lock-arc-vector,2152,2158,2168,484,489,499,277,281,287,206,206,215
512,128,500000,6,10,60,200,rw-lock-vector,703,701,729,670,670,698,163,164,175,505,505,525
512,128,500000,6,10,60,200,double-moka,880,880,894,836,834,849,94,94,96,741,740,752
512,128,500000,6,10,60,200,rw-lock-arc-vector,804,802,862,762,762,819,225,225,236,536,536,589
512,128,500000,6,10,10000,20000,rw-lock-vector,2051,2043,2092,430,430,450,144,145,151,285,286,299
512,128,500000,6,10,10000,20000,double-moka,2454,2449,2515,790,785,824,188,187,198,601,598,625
512,128,500000,6,10,10000,20000,rw-lock-arc-vector,2153,2142,2201,548,543,606,272,276,280,275,267,326
512,128,500000,6,16,60,200,rw-lock-vector,904,903,962,863,862,925,160,159,179,702,703,745
512,128,500000,6,16,60,200,double-moka,1238,1236,1249,1184,1187,1199,92,93,95,1091,1093,1105
512,128,500000,6,16,60,200,rw-lock-arc-vector,1028,1032,1094,985,987,1055,216,216,232,768,773,827
512,128,500000,6,16,10000,20000,rw-lock-vector,2148,2150,2179,508,506,538,147,147,159,360,359,378
512,128,500000,6,16,10000,20000,double-moka,2748,2747,2779,1043,1040,1074,194,194,202,848,845,872
512,128,500000,6,16,10000,20000,rw-lock-arc-vector,2339,2341,2424,684,689,763,284,285,299,399,401,463
512,128,500000,10,6,60,200,rw-lock-vector,803,802,829,777,777,803,264,267,282,512,515,525
512,128,500000,10,6,60,200,double-moka,530,530,541,505,505,515,163,163,171,341,341,345
512,128,500000,10,6,60,200,rw-lock-arc-vector,898,899,929,869,873,892,345,344,363,523,523,548
512,128,500000,10,6,10000,20000,rw-lock-vector,1822,1822,1847,820,821,837,338,340,346,481,481,490
512,128,500000,10,6,10000,20000,double-moka,1563,1558,1591,535,534,544,157,158,161,376,376,382
512,128,500000,10,6,10000,20000,rw-lock-arc-vector,2053,2037,2187,1104,1095,1203,499,496,545,604,593,658
512,128,500000,10,10,60,200,rw-lock-vector,988,996,1057,957,964,1026,269,269,297,687,693,729
512,128,500000,10,10,60,200,double-moka,715,715,754,685,684,726,71,72,72,614,613,654
512,128,500000,10,10,60,200,rw-lock-arc-vector,1151,1147,1186,1119,1114,1156,380,377,403,738,742,757
512,128,500000,10,10,10000,20000,rw-lock-vector,2008,2004,2054,957,952,993,350,348,362,607,604,631
512,128,500000,10,10,10000,20000,double-moka,1753,1754,1773,674,674,682,156,156,158,517,517,523
512,128,500000,10,10,10000,20000,rw-lock-arc-vector,2274,2274,2313,1289,1288,1329,520,520,537,768,769,791
512,128,500000,10,16,60,200,rw-lock-vector,1284,1273,1411,1251,1240,1378,287,282,331,963,963,1046
512,128,500000,10,16,60,200,double-moka,1247,1249,1262,1210,1215,1222,72,72,76,1137,1142,1147
512,128,500000,10,16,60,200,rw-lock-arc-vector,1451,1431,1535,1408,1395,1500,420,414,447,988,982,1052
512,128,500000,10,16,10000,20000,rw-lock-vector,2168,2173,2230,1141,1136,1188,348,347,364,792,791,824
512,128,500000,10,16,10000,20000,double-moka,1954,1944,1995,876,873,894,149,150,152,726,723,742
512,128,500000,10,16,10000,20000,rw-lock-arc-vector,2447,2441,2573,1479,1474,1582,500,498,536,978,982,1046
512,128,500000,12,6,60,200,rw-lock-vector,839,841,878,814,818,857,306,301,335,507,510,529
512,128,500000,12,6,60,200,double-moka,578,582,590,553,558,562,221,222,229,331,333,338
512,128,500000,12,6,60,200,rw-lock-arc-vector,987,988,1015,961,960,987,420,419,436,540,542,563
512,128,500000,12,6,10000,20000,rw-lock-vector,1899,1912,1927,927,934,945,400,403,410,526,526,541
512,128,500000,12,6,10000,20000,double-moka,1416,1409,1498,491,490,517,143,142,150,348,347,366
512,128,500000,12,6,10000,20000,rw-lock-arc-vector,2127,2129,2157,1297,1303,1326,574,577,588,722,727,737
512,128,500000,12,10,60,200,rw-lock-vector,1074,1086,1112,1047,1059,1084,334,334,354,712,723,743
512,128,500000,12,10,60,200,double-moka,626,631,645,600,605,620,88,89,93,511,514,538
512,128,500000,12,10,60,200,rw-lock-arc-vector,1208,1218,1248,1176,1185,1216,453,460,467,722,722,750
512,128,500000,12,10,10000,20000,rw-lock-vector,1974,1966,2016,1044,1043,1059,400,399,412,643,644,654
512,128,500000,12,10,10000,20000,double-moka,1628,1626,1657,645,645,656,146,145,149,499,500,508
512,128,500000,12,10,10000,20000,rw-lock-arc-vector,2283,2281,2316,1445,1446,1477,568,570,581,876,879,895
512,128,500000,12,16,60,200,rw-lock-vector,1379,1379,1470,1346,1350,1435,368,367,397,977,976,1054
512,128,500000,12,16,60,200,double-moka,1255,1250,1287,1223,1220,1257,65,64,69,1157,1155,1193
512,128,500000,12,16,60,200,rw-lock-arc-vector,1601,1606,1654,1563,1568,1620,535,530,565,1027,1040,1058
512,128,500000,12,16,10000,20000,rw-lock-vector,2178,2174,2220,1262,1265,1292,401,404,410,860,859,888
512,128,500000,12,16,10000,20000,double-moka,1843,1843,1890,858,859,875,138,139,141,720,720,733
512,128,500000,12,16,10000,20000,rw-lock-arc-vector,2537,2557,2582,1682,1705,1727,563,564,577,1119,1139,1150
512,128,500000,16,6,60,200,rw-lock-vector,903,895,949,882,874,929,390,386,420,491,486,510
512,128,500000,16,6,60,200,double-moka,581,581,606,558,557,582,268,266,286,289,289,312
512,128,500000,16,6,60,200,rw-lock-arc-vector,1037,1045,1069,1014,1021,1051,502,504,515,512,513,538
512,128,500000,16,6,10000,20000,rw-lock-vector,1806,1796,1863,944,930,990,458,450,480,485,482,509
512,128,500000,16,6,10000,20000,double-moka,1274,1274,1299,469,471,492,137,136,145,332,332,346
512,128,500000,16,6,10000,20000,rw-lock-arc-vector,2132,2124,2195,1390,1385,1451,629,626,654,761,758,796
512,128,500000,16,10,60,200,rw-lock-vector,1146,1151,1203,1116,1118,1163,441,441,465,674,678,709
512,128,500000,16,10,60,200,double-moka,656,656,682,633,633,658,159,155,171,473,477,503
512,128,500000,16,10,60,200,rw-lock-arc-vector,1303,1306,1355,1279,1281,1332,584,593,603,693,691,730
512,128,500000,16,10,10000,20000,rw-lock-vector,2017,2017,2091,1176,1182,1219,513,515,527,662,665,693
512,128,500000,16,10,10000,20000,double-moka,1392,1394,1418,597,599,619,126,126,127,471,472,494
512,128,500000,16,10,10000,20000,rw-lock-arc-vector,2335,2341,2398,1581,1585,1630,651,650,682,929,934,955
512,128,500000,16,16,60,200,rw-lock-vector,1475,1465,1571,1447,1439,1541,509,507,548,938,937,992
512,128,500000,16,16,60,200,double-moka,1359,1361,1379,1310,1310,1328,53,53,57,1257,1259,1274
512,128,500000,16,16,60,200,rw-lock-arc-vector,1691,1675,1793,1661,1643,1765,707,705,740,954,937,1025
512,128,500000,16,16,10000,20000,rw-lock-vector,2287,2274,2382,1460,1448,1549,548,542,589,911,906,967
512,128,500000,16,16,10000,20000,double-moka,1648,1646,1671,868,867,879,116,117,118,750,750,763
512,128,500000,16,16,10000,20000,rw-lock-arc-vector,2594,2586,2674,1838,1827,1912,673,666,706,1165,1160,1206
512,256,500000,6,6,60,200,rw-lock-vector,572,566,602,540,535,567,167,167,180,373,378,390
512,256,500000,6,6,60,200,double-moka,633,632,643,595,593,606,94,94,99,500,499,507
512,256,500000,6,6,60,200,rw-lock-arc-vector,642,644,675,604,610,637,215,217,230,389,395,415
512,256,500000,6,6,10000,20000,rw-lock-vector,2091,2089,2161,435,434,453,166,165,178,268,268,275
512,256,500000,6,6,10000,20000,double-moka,2356,2354,2390,662,665,675,196,196,201,465,468,473
512,256,500000,6,6,10000,20000,rw-lock-arc-vector,2079,2080,2108,469,467,489,265,264,275,203,203,216
512,256,500000,6,10,60,200,rw-lock-vector,695,689,753,660,660,722,162,162,180,498,499,541
512,256,500000,6,10,60,200,double-moka,879,880,896,832,830,845,95,95,99,735,735,746
512,256,500000,6,10,60,200,rw-lock-arc-vector,816,819,869,777,779,830,224,225,234,552,554,597
512,256,500000,6,10,10000,20000,rw-lock-vector,2193,2190,2251,494,494,514,173,173,183,321,321,330
512,256,500000,6,10,10000,20000,double-moka,2542,2543,2565,822,824,837,196,196,200,626,627,637
512,256,500000,6,10,10000,20000,rw-lock-arc-vector,2213,2214,2227,549,554,561,276,277,291,272,272,283
512,256,500000,6,16,60,200,rw-lock-vector,885,877,951,844,840,910,162,161,178,681,677,731
512,256,500000,6,16,60,200,double-moka,1246,1246,1257,1180,1180,1192,94,94,99,1085,1087,1095
512,256,500000,6,16,60,200,rw-lock-arc-vector,1042,1051,1098,993,1002,1051,218,217,239,774,789,825
512,256,500000,6,16,10000,20000,rw-lock-vector,2215,2204,2300,577,569,656,175,172,202,401,397,453
512,256,500000,6,16,10000,20000,double-moka,2730,2723,2858,1024,1020,1080,190,189,202,834,830,878
512,256,500000,6,16,10000,20000,rw-lock-arc-vector,2252,2263,2277,644,649,674,270,269,284,373,366,398
512,256,500000,10,6,60,200,rw-lock-vector,777,783,800,754,760,779,261,259,268,492,497,513
512,256,500000,10,6,60,200,double-moka,546,546,555,518,519,525,167,167,176,350,350,356
512,256,500000,10,6,60,200,rw-lock-arc-vector,896,890,938,868,865,909,346,345,366,522,525,547
512,256,500000,10,6,10000,20000,rw-lock-vector,2010,1992,2114,874,872,941,373,371,405,499,500,536
512,256,500000,10,6,10000,20000,double-moka,1610,1612,1655,552,551,565,163,163,167,388,387,397
512,256,500000,10,6,10000,20000,rw-lock-arc-vector,2121,2117,2185,1147,1135,1205,517,511,538,628,624,666
512,256,500000,10,10,60,200,rw-lock-vector,976,976,1033,950,949,1004,274,275,302,675,677,702
512,256,500000,10,10,60,200,double-moka,711,709,748,681,681,715,76,76,79,604,604,639
512,256,500000,10,10,60,200,rw-lock-arc-vector,1125,1135,1187,1092,1102,1154,377,371,402,714,719,758
512,256,500000,10,10,10000,20000,rw-lock-vector,2045,2045,2089,947,946,973,366,368,373,580,581,601
512,256,500000,10,10,10000,20000,double-moka,1751,1740,1896,696,692,766,163,162,179,532,529,587
512,256,500000,10,10,10000,20000,rw-lock-arc-vector,2183,2190,2210,1240,1246,1266,503,501,522,736,741,756
512,256,500000,10,16,60,200,rw-lock-vector,1211,1219,1244,1175,1179,1212,272,275,284,902,904,945
512,256,500000,10,16,60,200,double-moka,1180,1179,1208,1145,1144,1168,74,75,78,1071,1069,1090
512,256,500000,10,16,60,200,rw-lock-arc-vector,1462,1477,1524,1425,1435,1483,421,422,439,1003,1009,1056
512,256,500000,10,16,10000,20000,rw-lock-vector,2317,2284,2526,1199,1161,1364,391,377,449,807,784,915
512,256,500000,10,16,10000,20000,double-moka,2030,2023,2098,914,910,944,159,159,166,754,752,778
512,256,500000,10,16,10000,20000,rw-lock-arc-vector,2502,2501,2548,1508,1512,1557,519,517,542,988,995,1014
512,256,500000,12,6,60,200,rw-lock-vector,846,850,878,822,826,851,319,313,339,502,505,525
512,256,500000,12,6,60,200,double-moka,545,545,556,520,520,532,212,211,222,307,309,311
512,256,500000,12,6,60,200,rw-lock-arc-vector,959,955,996,934,932,971,404,401,425,529,536,545
512,256,500000,12,6,10000,20000,rw-lock-vector,1997,1996,2067,942,944,983,428,426,451,513,516,535
512,256,500000,12,6,10000,20000,double-moka,1486,1475,1578,526,521,560,154,154,164,371,366,396
512,256,500000,12,6,10000,20000,rw-lock-arc-vector,2127,2134,2149,1287,1285,1315,570,569,585,716,719,740
512,256,500000,12,10,60,200,rw-lock-vector,1052,1047,1109,1025,1023,1087,337,329,379,688,689,714
512,256,500000,12,10,60,200,double-moka,610,609,642,582,579,607,94,94,101,488,486,517
512,256,500000,12,10,60,200,rw-lock-arc-vector,1234,1224,1297,1203,1193,1269,466,464,494,737,723,775
512,256,500000,12,10,10000,20000,rw-lock-vector,2121,2139,2162,1041,1053,1074,419,423,433,621,629,641
512,256,500000,12,10,10000,20000,double-moka,1594,1587,1670,638,635,661,146,147,152,490,486,509
512,256,500000,12,10,10000,20000,rw-lock-arc-vector,2296,2303,2318,1455,1467,1481,576,577,583,878,885,898
512,256,500000,12,16,60,200,rw-lock-vector,1336,1329,1409,1304,1298,1375,364,363,397,939,934,998
512,256,500000,12,16,60,200,double-moka,1231,1225,1298,1197,1189,1266,69,69,73,1128,1121,1193
512,256,500000,12,16,60,200,rw-lock-arc-vector,1562,1566,1613,1521,1531,1576,522,526,546,998,1006,1043
512,256,500000,12,16,10000,20000,rw-lock-vector,2337,2365,2385,1273,1273,1305,434,434,446,838,843,866
512,256,500000,12,16,10000,20000,double-moka,1879,1883,1949,878,880,892,147,147,151,730,733,744
512,256,500000,12,16,10000,20000,rw-lock-arc-vector,2497,2496,2567,1652,1655,1730,553,552,580,1098,1100,1150
512,256,500000,16,6,60,200,rw-lock-vector,895,899,928,873,878,908,394,395,417,479,478,492
512,256,500000,16,6,60,200,double-moka,585,588,599,561,563,574,274,271,289,286,283,304
512,256,500000,16,6,60,200,rw-lock-arc-vector,1047,1056,1071,1025,1035,1049,508,511,520,515,523,536
512,256,500000,16,6,10000,20000,rw-lock-vector,2006,2017,2092,969,972,1047,490,493,527,478,477,519
512,256,500000,16,6,10000,20000,double-moka,1403,1442,1484,553,579,603,170,178,188,382,399,415
512,256,500000,16,6,10000,20000,rw-lock-arc-vector,2167,2167,2236,1420,1423,1466,641,639,670,778,785,810
512,256,500000,16,10,60,200,rw-lock-vector,1123,1124,1180,1092,1089,1160,440,441,471,651,650,689
512,256,500000,16,10,60,200,double-moka,640,641,657,616,615,635,166,166,178,450,449,466
512,256,500000,16,10,60,200,rw-lock-arc-vector,1335,1336,1394,1311,1310,1374,594,590,626,716,722,748
512,256,500000,16,10,10000,20000,rw-lock-vector,2090,2093,2174,1133,1129,1193,520,516,552,612,614,646
512,256,500000,16,10,10000,20000,double-moka,1411,1411,1438,602,599,616,134,133,143,467,465,481
512,256,500000,16,10,10000,20000,rw-lock-arc-vector,2316,2298,2425,1570,1560,1652,646,641,693,923,916,962
512,256,500000,16,16,60,200,rw-lock-vector,1435,1421,1527,1399,1390,1503,504,492,555,895,891,950
512,256,500000,16,16,60,200,double-moka,1299,1297,1326,1250,1252,1283,57,58,62,1192,1193,1223
512,256,500000,16,16,60,200,rw-lock-arc-vector,1715,1722,1805,1686,1694,1774,716,714,745,969,979,1029
512,256,500000,16,16,10000,20000,rw-lock-vector,2369,2362,2460,1435,1443,1481,571,574,600,863,874,884
512,256,500000,16,16,10000,20000,double-moka,1664,1652,1705,864,860,890,126,126,131,737,734,760
512,256,500000,16,16,10000,20000,rw-lock-arc-vector,2625,2613,2737,1861,1849,1964,685,680,724,1175,1166,1239
1024,64,500000,6,6,60,200,rw-lock-vector,602,602,634,571,571,602,177,173,192,393,402,411
1024,64,500000,6,6,60,200,double-moka,677,676,688,637,638,641,100,100,102,537,537,540
1024,64,500000,6,6,60,200,rw-lock-arc-vector,670,668,701,635,636,666,225,223,235,409,411,432
1024,64,500000,6,6,10000,20000,rw-lock-vector,2189,2188,2200,481,481,489,196,197,199,284,283,290
1024,64,500000,6,6,10000,20000,double-moka,2318,2307,2420,657,652,681,190,190,197,466,464,484
1024,64,500000,6,6,10000,20000,rw-lock-arc-vector,2186,2153,2343,586,548,762,315,296,404,270,253,358
1024,64,500000,6,10,60,200,rw-lock-vector,721,716,772,683,680,741,167,162,184,515,517,558
1024,64,500000,6,10,60,200,double-moka,896,895,908,848,851,854,95,95,97,752,755,759
1024,64,500000,6,10,60,200,rw-lock-arc-vector,814,809,868,776,777,829,218,218,231,557,568,597
1024,64,500000,6,10,10000,20000,rw-lock-vector,2220,2218,2246,561,562,579,202,202,211,359,360,368
1024,64,500000,6,10,10000,20000,double-moka,2554,2538,2701,840,835,901,191,191,206,647,644,695
1024,64,500000,6,10,10000,20000,rw-lock-arc-vector,2272,2260,2399,635,623,779,304,296,367,329,319,412
1024,64,500000,6,16,60,200,rw-lock-vector,940,934,993,898,894,954,166,170,184,732,732,770
1024,64,500000,6,16,60,200,double-moka,1294,1294,1305,1241,1241,1261,97,98,100,1143,1142,1160
1024,64,500000,6,16,60,200,rw-lock-arc-vector,1017,1011,1122,969,972,1077,223,229,239,745,744,844
1024,64,500000,6,16,10000,20000,rw-lock-vector,2403,2400,2440,690,687,716,211,211,217,479,477,502
1024,64,500000,6,16,10000,20000,double-moka,2835,2824,2922,1099,1091,1130,192,191,198,907,901,932
1024,64,500000,6,16,10000,20000,rw-lock-arc-vector,2395,2389,2450,745,746,788,304,305,331,441,442,473
1024,64,500000,10,6,60,200,rw-lock-vector,795,794,836,769,769,810,261,260,278,507,509,531
1024,64,500000,10,6,60,200,double-moka,556,562,568,530,534,541,172,174,179,357,360,379
1024,64,500000,10,6,60,200,rw-lock-arc-vector,893,891,932,865,866,903,350,354,362,514,512,545
1024,64,500000,10,6,10000,20000,rw-lock-vector,2168,2175,2196,1143,1146,1173,479,480,493,663,664,680
1024,64,500000,10,6,10000,20000,double-moka,1601,1600,1632,555,555,564,160,161,162,394,394,401
1024,64,500000,10,6,10000,20000,rw-lock-arc-vector,2338,2347,2392,1335,1342,1385,635,637,669,699,703,715
1024,64,500000,10,10,60,200,rw-lock-vector,1007,1002,1071,978,972,1046,274,272,302,702,696,743
1024,64,500000,10,10,60,200,double-moka,740,742,787,708,709,757,75,75,78,633,633,681
1024,64,500000,10,10,60,200,rw-lock-arc-vector,1116,1114,1184,1084,1085,1151,378,374,401,705,704,752
1024,64,500000,10,10,10000,20000,rw-lock-vector,2351,2331,2443,1315,1306,1413,498,497,535,816,806,878
1024,64,500000,10,10,10000,20000,double-moka,1740,1740,1799,686,684,704,154,154,158,531,530,545
1024,64,500000,10,10,10000,20000,rw-lock-arc-vector,2444,2436,2536,1463,1455,1543,627,626,652,834,831,890
1024,64,500000,10,16,60,200,rw-lock-vector,1340,1320,1475,1306,1285,1442,301,300,337,1004,992,1105
1024,64,500000,10,16,60,200,double-moka,1255,1252,1280,1216,1213,1232,73,72,75,1142,1141,1158
1024,64,500000,10,16,60,200,rw-lock-arc-vector,1439,1447,1515,1396,1403,1473,419,418,432,977,982,1043
1024,64,500000,10,16,10000,20000,rw-lock-vector,2471,2453,2583,1475,1460,1581,481,479,512,993,985,1069
1024,64,500000,10,16,10000,20000,double-moka,1951,1928,2109,904,895,972,148,147,160,754,747,811
1024,64,500000,10,16,10000,20000,rw-lock-arc-vector,2705,2701,2827,1704,1704,1808,621,623,647,1082,1076,1161
1024,64,500000,12,6,60,200,rw-lock-vector,878,871,989,854,846,960,332,329,369,521,519,590
1024,64,500000,12,6,60,200,double-moka,557,554,573,532,531,551,215,216,227,317,316,324
1024,64,500000,12,6,60,200,rw-lock-arc-vector,973,969,998,946,945,971,418,416,452,527,528,547
1024,64,500000,12,6,10000,20000,rw-lock-vector,2175,2180,2197,1283,1284,1308,559,558,572,723,724,736
1024,64,500000,12,6,10000,20000,double-moka,1504,1501,1563,527,529,548,151,151,157,376,377,391
1024,64,500000,12,6,10000,20000,rw-lock-arc-vector,2366,2361,2394,1527,1523,1555,700,699,715,826,825,839
1024,64,500000,12,10,60,200,rw-lock-vector,1107,1110,1155,1082,1086,1123,347,341,380,735,747,759
1024,64,500000,12,10,60,200,double-moka,631,633,643,602,601,617,94,96,98,506,505,522
1024,64,500000,12,10,60,200,rw-lock-arc-vector,1219,1225,1263,1189,1199,1236,460,456,487,728,738,767
1024,64,500000,12,10,10000,20000,rw-lock-vector,2305,2307,2326,1413,1418,1439,554,558,567,858,859,871
1024,64,500000,12,10,10000,20000,double-moka,1613,1595,1697,650,643,685,143,142,150,507,500,534
1024,64,500000,12,10,10000,20000,rw-lock-arc-vector,2516,2484,2666,1663,1647,1752,686,682,737,976,968,1025
1024,64,500000,12,16,60,200,rw-lock-vector,1433,1444,1513,1399,1410,1477,379,373,428,1018,1027,1080
1024,64,500000,12,16,60,200,double-moka,1279,1277,1313,1244,1243,1276,64,64,66,1179,1177,1212
1024,64,500000,12,16,60,200,rw-lock-arc-vector,1555,1559,1636,1518,1524,1600,528,533,546,989,984,1060
1024,64,500000,12,16,10000,20000,rw-lock-vector,2533,2539,2571,1634,1632,1669,550,549,567,1083,1082,1107
1024,64,500000,12,16,10000,20000,double-moka,1870,1863,1937,891,887,924,137,137,143,753,751,781
1024,64,500000,12,16,10000,20000,rw-lock-arc-vector,2723,2729,2779,1873,1882,1925,655,654,673,1217,1225,1252
1024,64,500000,16,6,60,200,rw-lock-vector,925,925,969,905,905,949,400,396,430,505,502,528
1024,64,500000,16,6,60,200,double-moka,585,580,625,563,560,600,272,270,294,290,288,307
1024,64,500000,16,6,60,200,rw-lock-arc-vector,1061,1067,1095,1032,1039,1073,515,512,536,516,515,547
1024,64,500000,16,6,10000,20000,rw-lock-vector,2055,2051,2084,1277,1280,1306,610,610,625,666,664,680
1024,64,500000,16,6,10000,20000,double-moka,1282,1284,1294,476,476,489,135,134,139,340,341,350
1024,64,500000,16,6,10000,20000,rw-lock-arc-vector,2345,2320,2448,1600,1595,1678,743,735,786,856,856,892
1024,64,500000,16,10,60,200,rw-lock-vector,1180,1181,1250,1156,1157,1228,457,458,494,697,697,734
1024,64,500000,16,10,60,200,double-moka,676,676,710,652,652,687,159,161,164,491,489,535
1024,64,500000,16,10,60,200,rw-lock-arc-vector,1310,1313,1349,1286,1290,1329,589,591,606,696,697,736
1024,64,500000,16,10,10000,20000,rw-lock-vector,2245,2243,2296,1462,1459,1504,638,638,650,823,821,854
1024,64,500000,16,10,10000,20000,double-moka,1404,1407,1438,613,614,635,123,122,133,488,489,509
1024,64,500000,16,10,10000,20000,rw-lock-arc-vector,2488,2486,2638,1735,1724,1878,733,732,806,1001,997,1072
1024,64,500000,16,16,60,200,rw-lock-vector,1543,1531,1630,1516,1507,1605,538,528,573,977,982,1032
1024,64,500000,16,16,60,200,double-moka,1409,1414,1445,1353,1359,1403,53,53,56,1300,1305,1350
1024,64,500000,16,16,60,200,rw-lock-arc-vector,1698,1710,1802,1668,1682,1773,709,711,752,958,955,1022
1024,64,500000,16,16,10000,20000,rw-lock-vector,2525,2530,2590,1743,1742,1811,669,670,699,1073,1068,1111
1024,64,500000,16,16,10000,20000,double-moka,1686,1686,1709,910,908,922,113,114,117,795,794,808
1024,64,500000,16,16,10000,20000,rw-lock-arc-vector,2696,2698,2786,1944,1942,2021,731,726,762,1213,1215,1259
1024,128,500000,6,6,60,200,rw-lock-vector,602,602,648,568,570,621,175,176,197,392,393,427
1024,128,500000,6,6,60,200,double-moka,675,675,683,632,633,639,101,101,104,531,532,537
1024,128,500000,6,6,60,200,rw-lock-arc-vector,665,663,699,630,633,656,226,225,240,403,407,425
1024,128,500000,6,6,10000,20000,rw-lock-vector,2277,2274,2291,562,562,577,228,228,234,333,333,342
1024,128,500000,6,6,10000,20000,double-moka,2406,2410,2452,684,682,714,200,199,210,483,482,503
1024,128,500000,6,6,10000,20000,rw-lock-arc-vector,2163,2159,2216,532,532,554,291,294,299,240,240,254
1024,128,500000,6,10,60,200,rw-lock-vector,699,711,719,660,673,685,156,156,169,503,512,530
1024,128,500000,6,10,60,200,double-moka,885,884,895,839,840,845,95,96,96,742,743,750
1024,128,500000,6,10,60,200,rw-lock-arc-vector,813,815,858,771,779,819,217,218,228,553,563,591
1024,128,500000,6,10,10000,20000,rw-lock-vector,2277,2275,2303,634,634,653,232,231,240,402,404,413
1024,128,500000,6,10,10000,20000,double-moka,2510,2512,2540,822,823,829,191,192,194,630,630,635
1024,128,500000,6,10,10000,20000,rw-lock-arc-vector,2233,2213,2357,618,597,735,297,294,351,320,308,384
1024,128,500000,6,16,60,200,rw-lock-vector,894,892,974,852,853,937,161,157,184,691,693,753
1024,128,500000,6,16,60,200,double-moka,1272,1271,1293,1218,1217,1239,97,97,98,1120,1118,1141
1024,128,500000,6,16,60,200,rw-lock-arc-vector,1047,1032,1124,1005,988,1070,217,217,233,787,771,844
1024,128,500000,6,16,10000,20000,rw-lock-vector,2461,2467,2483,765,766,789,241,240,249,524,523,541
1024,128,500000,6,16,10000,20000,double-moka,2842,2813,2960,1100,1090,1149,198,197,208,902,894,941
1024,128,500000,6,16,10000,20000,rw-lock-arc-vector,2471,2464,2643,808,792,1022,327,316,416,481,476,606
1024,128,500000,10,6,60,200,rw-lock-vector,804,797,853,779,772,823,262,259,285,516,518,538
1024,128,500000,10,6,60,200,double-moka,544,546,553,517,518,528,170,171,178,347,346,355
1024,128,500000,10,6,60,200,rw-lock-arc-vector,884,884,916,856,855,893,347,349,360,508,500,546
1024,128,500000,10,6,10000,20000,rw-lock-vector,2143,2143,2171,1151,1150,1173,490,488,505,660,660,670
1024,128,500000,10,6,10000,20000,double-moka,1570,1541,1656,549,542,579,160,159,169,387,383,411
1024,128,500000,10,6,10000,20000,rw-lock-arc-vector,2332,2307,2476,1344,1331,1449,641,636,695,702,689,775
1024,128,500000,10,10,60,200,rw-lock-vector,1017,1021,1047,988,994,1015,284,284,298,703,708,730
1024,128,500000,10,10,60,200,double-moka,736,739,760,704,705,729,77,77,79,626,628,650
1024,128,500000,10,10,60,200,rw-lock-arc-vector,1170,1182,1199,1137,1144,1171,394,396,410,742,745,761
1024,128,500000,10,10,10000,20000,rw-lock-vector,2369,2366,2431,1309,1306,1353,501,498,519,807,807,834
1024,128,500000,10,10,10000,20000,double-moka,1782,1783,1838,695,696,712,159,159,163,535,537,549
1024,128,500000,10,10,10000,20000,rw-lock-arc-vector,2491,2489,2605,1486,1466,1608,640,636,688,844,836,920
1024,128,500000,10,16,60,200,rw-lock-vector,1257,1257,1332,1223,1223,1303,283,284,301,939,941,1011
1024,128,500000,10,16,60,200,double-moka,1234,1231,1263,1194,1194,1211,73,73,75,1120,1121,1138
1024,128,500000,10,16,60,200,rw-lock-arc-vector,1484,1481,1551,1442,1435,1508,434,434,452,1007,1001,1068
1024,128,500000,10,16,10000,20000,rw-lock-vector,2466,2472,2492,1458,1460,1493,486,484,496,971,971,1000
1024,128,500000,10,16,10000,20000,double-moka,1996,1996,2046,915,914,941,154,155,157,760,760,783
1024,128,500000,10,16,10000,20000,rw-lock-arc-vector,2582,2582,2628,1615,1627,1672,590,591,611,1024,1037,1060
1024,128,500000,12,6,60,200,rw-lock-vector,852,850,877,828,824,855,321,322,345,506,501,538
1024,128,500000,12,6,60,200,double-moka,568,568,578,544,542,556,223,223,239,320,319,326
1024,128,500000,12,6,60,200,rw-lock-arc-vector,976,976,1005,950,950,982,408,408,436,540,545,555
1024,128,500000,12,6,10000,20000,rw-lock-vector,2190,2190,2204,1254,1252,1279,547,549,556,706,704,722
1024,128,500000,12,6,10000,20000,double-moka,1456,1459,1464,511,510,517,147,148,150,362,362,368
1024,128,500000,12,6,10000,20000,rw-lock-arc-vector,2351,2346,2411,1517,1514,1574,692,688,721,824,827,852
1024,128,500000,12,10,60,200,rw-lock-vector,1109,1098,1202,1082,1070,1178,358,352,414,723,727,765
1024,128,500000,12,10,60,200,double-moka,610,602,690,582,578,646,97,97,105,484,478,552
1024,128,500000,12,10,60,200,rw-lock-arc-vector,1207,1210,1266,1177,1182,1239,457,457,476,719,722,769
1024,128,500000,12,10,10000,20000,rw-lock-vector,2304,2305,2324,1370,1373,1391,539,542,552,830,829,845
1024,128,500000,12,10,10000,20000,double-moka,1601,1601,1629,649,647,667,146,146,150,503,501,517
1024,128,500000,12,10,10000,20000,rw-lock-arc-vector,2457,2460,2488,1616,1619,1639,662,661,683,953,957,971
1024,128,500000,12,16,60,200,rw-lock-vector,1431,1448,1533,1398,1414,1501,392,378,474,1005,1008,1079
1024,128,500000,12,16,60,200,double-moka,1299,1298,1318,1262,1265,1272,68,68,71,1193,1197,1202
1024,128,500000,12,16,60,200,rw-lock-arc-vector,1557,1513,1694,1522,1477,1652,526,525,572,995,979,1082
1024,128,500000,12,16,10000,20000,rw-lock-vector,2473,2465,2525,1546,1542,1615,524,524,549,1021,1018,1079
1024,128,500000,12,16,10000,20000,double-moka,1883,1882,1950,892,892,917,142,143,148,750,750,769
1024,128,500000,12,16,10000,20000,rw-lock-arc-vector,2638,2645,2715,1750,1759,1811,639,632,675,1110,1121,1138
1024,128,500000,16,6,60,200,rw-lock-vector,904,902,954,881,877,934,392,390,421,488,487,512
1024,128,500000,16,6,60,200,double-moka,577,577,581,553,553,558,270,269,276,282,281,289
1024,128,500000,16,6,60,200,rw-lock-arc-vector,1053,1054,1090,1026,1027,1062,507,508,529,518,518,538
1024,128,500000,16,6,10000,20000,rw-lock-vector,2105,2105,2121,1235,1236,1249,592,595,601,642,643,649
1024,128,500000,16,6,10000,20000,double-moka,1288,1292,1306,480,479,493,141,143,144,338,336,350
1024,128,500000,16,6,10000,20000,rw-lock-arc-vector,2306,2309,2347,1578,1577,1617,723,722,743,855,855,874
1024,128,500000,16,10,60,200,rw-lock-vector,1162,1154,1214,1134,1125,1189,450,449,478,684,684,710
1024,128,500000,16,10,60,200,double-moka,666,657,740,642,634,713,166,170,174,474,466,558
1024,128,500000,16,10,60,200,rw-lock-arc-vector,1316,1335,1353,1283,1303,1322,580,581,601,702,713,741
1024,128,500000,16,10,10000,20000,rw-lock-vector,2280,2268,2323,1417,1422,1458,613,617,632,803,804,833
1024,128,500000,16,10,10000,20000,double-moka,1418,1417,1466,620,617,667,131,130,134,489,486,533
1024,128,500000,16,10,10000,20000,rw-lock-arc-vector,2492,2490,2636,1755,1760,1874,733,739,787,1022,1016,1087
1024,128,500000,16,16,60,200,rw-lock-vector,1490,1489,1531,1458,1457,1499,511,511,533,947,948,984
1024,128,500000,16,16,60,200,double-moka,1364,1365,1430,1317,1318,1354,54,54,57,1262,1262,1300
1024,128,500000,16,16,60,200,rw-lock-arc-vector,1735,1727,1825,1695,1696,1802,715,711,757,979,985,1045
1024,128,500000,16,16,10000,20000,rw-lock-vector,2540,2537,2574,1694,1691,1734,653,654,666,1040,1040,1068
1024,128,500000,16,16,10000,20000,double-moka,1673,1673,1692,889,887,919,119,120,122,769,766,800
1024,128,500000,16,16,10000,20000,rw-lock-arc-vector,2744,2748,2848,1985,1988,2071,748,748,778,1237,1239,1292
1024,256,500000,6,6,60,200,rw-lock-vector,577,571,613,544,540,580,170,169,184,373,376,395
1024,256,500000,6,6,60,200,double-moka,669,670,678,630,630,636,102,102,104,527,527,532
1024,256,500000,6,6,60,200,rw-lock-arc-vector,667,669,685,631,634,646,223,226,234,407,411,424
1024,256,500000,6,6,10000,20000,rw-lock-vector,2311,2312,2352,593,592,605,245,245,251,347,347,353
1024,256,500000,6,6,10000,20000,double-moka,2432,2430,2488,701,703,737,206,206,219,494,495,518
1024,256,500000,6,6,10000,20000,rw-lock-arc-vector,2241,2229,2311,582,553,681,312,303,360,269,250,321
1024,256,500000,6,10,60,200,rw-lock-vector,733,739,786,701,709,748,171,174,190,529,532,558
1024,256,500000,6,10,60,200,double-moka,900,904,908,857,857,871,99,100,103,756,756,767
1024,256,500000,6,10,60,200,rw-lock-arc-vector,815,806,873,775,769,834,220,223,233,554,559,601
1024,256,500000,6,10,10000,20000,rw-lock-vector,2297,2296,2311,646,646,661,246,245,250,400,399,413
1024,256,500000,6,10,10000,20000,double-moka,2514,2517,2571,842,841,886,199,199,209,642,641,676
1024,256,500000,6,10,10000,20000,rw-lock-arc-vector,2259,2242,2404,646,618,814,310,293,382,335,324,431
1024,256,500000,6,16,60,200,rw-lock-vector,895,898,968,850,849,929,166,169,187,683,683,741
1024,256,500000,6,16,60,200,double-moka,1257,1257,1276,1197,1200,1208,97,97,100,1099,1103,1108
1024,256,500000,6,16,60,200,rw-lock-arc-vector,1027,1021,1104,984,984,1057,212,206,235,771,785,828
1024,256,500000,6,16,10000,20000,rw-lock-vector,2418,2421,2461,734,731,763,245,244,257,488,486,506
1024,256,500000,6,16,10000,20000,double-moka,2832,2825,2908,1105,1098,1148,203,202,212,901,896,935
1024,256,500000,6,16,10000,20000,rw-lock-arc-vector,2454,2439,2575,780,766,881,315,309,353,465,461,528
1024,256,500000,10,6,60,200,rw-lock-vector,773,779,799,748,755,776,263,264,278,484,489,498
1024,256,500000,10,6,60,200,double-moka,552,552,561,524,523,536,176,176,182,347,346,356
1024,256,500000,10,6,60,200,rw-lock-arc-vector,900,903,933,874,876,902,353,355,364,520,523,546
1024,256,500000,10,6,10000,20000,rw-lock-vector,2212,2207,2232,1036,1028,1078,452,452,473,583,578,605
1024,256,500000,10,6,10000,20000,double-moka,1578,1579,1607,566,566,588,167,166,174,399,399,413
1024,256,500000,10,6,10000,20000,rw-lock-arc-vector,2248,2227,2356,1297,1284,1388,615,617,648,681,675,740
1024,256,500000,10,10,60,200,rw-lock-vector,997,994,1034,969,967,1006,285,283,298,683,684,710
1024,256,500000,10,10,60,200,double-moka,730,731,770,699,701,738,81,82,83,617,619,657
1024,256,500000,10,10,60,200,rw-lock-arc-vector,1140,1137,1176,1109,1104,1148,384,379,418,724,724,767
1024,256,500000,10,10,10000,20000,rw-lock-vector,2413,2412,2437,1179,1174,1240,460,456,488,719,717,752
1024,256,500000,10,10,10000,20000,double-moka,1819,1815,1880,731,733,762,169,170,177,560,563,586
1024,256,500000,10,10,10000,20000,rw-lock-arc-vector,2509,2499,2623,1496,1487,1602,639,633,680,856,852,922
1024,256,500000,10,16,60,200,rw-lock-vector,1259,1260,1337,1224,1225,1302,295,289,322,928,930,981
1024,256,500000,10,16,60,200,double-moka,1191,1192,1202,1155,1156,1166,75,75,79,1080,1080,1089
1024,256,500000,10,16,60,200,rw-lock-arc-vector,1458,1475,1517,1419,1436,1490,418,416,432,1000,1013,1059
1024,256,500000,10,16,10000,20000,rw-lock-vector,2507,2505,2527,1352,1348,1392,459,459,476,891,890,915
1024,256,500000,10,16,10000,20000,double-moka,1992,1999,2049,903,901,926,155,154,162,746,745,764
1024,256,500000,10,16,10000,20000,rw-lock-arc-vector,2622,2594,2795,1639,1623,1785,600,596,649,1038,1023,1136
1024,256,500000,12,6,60,200,rw-lock-vector,853,855,916,829,832,895,317,314,354,511,511,541
1024,256,500000,12,6,60,200,double-moka,558,557,568,535,533,543,222,221,231,311,312,323
1024,256,500000,12,6,60,200,rw-lock-arc-vector,947,945,1002,920,916,980,403,401,423,516,515,556
1024,256,500000,12,6,10000,20000,rw-lock-vector,2270,2271,2296,1134,1130,1185,509,508,538,624,620,650
1024,256,500000,12,6,10000,20000,double-moka,1469,1470,1482,529,528,545,155,155,159,372,372,385
1024,256,500000,12,6,10000,20000,rw-lock-arc-vector,2342,2340,2409,1506,1505,1577,689,685,732,816,820,844
1024,256,500000,12,10,60,200,rw-lock-vector,1079,1079,1149,1053,1057,1125,355,351,419,697,698,731
1024,256,500000,12,10,60,200,double-moka,647,642,665,619,615,638,104,104,112,514,510,535
1024,256,500000,12,10,60,200,rw-lock-arc-vector,1228,1224,1273,1196,1192,1242,457,456,474,738,731,782
1024,256,500000,12,10,10000,20000,rw-lock-vector,2377,2382,2408,1263,1262,1326,513,511,537,749,744,789
1024,256,500000,12,10,10000,20000,double-moka,1575,1575,1589,638,637,650,146,146,149,491,492,500
1024,256,500000,12,10,10000,20000,rw-lock-arc-vector,2501,2500,2573,1650,1647,1720,680,675,719,969,967,1008
1024,256,500000,12,16,60,200,rw-lock-vector,1353,1349,1400,1323,1319,1372,371,368,398,951,953,984
1024,256,500000,12,16,60,200,double-moka,1226,1224,1245,1191,1190,1202,70,71,72,1121,1121,1134
1024,256,500000,12,16,60,200,rw-lock-arc-vector,1600,1606,1659,1562,1570,1625,550,547,620,1011,1015,1066
1024,256,500000,12,16,10000,20000,rw-lock-vector,2591,2603,2634,1471,1475,1526,509,509,519,961,960,1007
1024,256,500000,12,16,10000,20000,double-moka,1831,1814,1943,869,862,911,145,144,152,724,719,759
1024,256,500000,12,16,10000,20000,rw-lock-arc-vector,2743,2745,2807,1880,1880,1936,663,661,687,1216,1228,1249
1024,256,500000,16,6,60,200,rw-lock-vector,881,884,902,857,861,883,385,391,401,471,472,485
1024,256,500000,16,6,60,200,double-moka,619,615,692,592,589,664,283,282,309,309,308,355
1024,256,500000,16,6,60,200,rw-lock-arc-vector,1037,1046,1069,1014,1022,1051,502,504,524,511,514,534
1024,256,500000,16,6,10000,20000,rw-lock-vector,2230,2224,2301,1095,1084,1169,547,540,597,547,544,572
1024,256,500000,16,6,10000,20000,double-moka,1321,1318,1356,504,504,533,151,151,161,351,351,377
1024,256,500000,16,6,10000,20000,rw-lock-arc-vector,2332,2313,2420,1587,1573,1652,736,730,772,850,846,887
1024,256,500000,16,10,60,200,rw-lock-vector,1113,1111,1186,1090,1088,1163,440,439,474,650,647,689
1024,256,500000,16,10,60,200,double-moka,650,652,661,627,628,638,176,177,182,449,450,461
1024,256,500000,16,10,60,200,rw-lock-arc-vector,1312,1306,1382,1288,1282,1355,593,595,629,693,697,729
1024,256,500000,16,10,10000,20000,rw-lock-vector,2350,2346,2407,1273,1269,1313,580,582,599,692,691,713
1024,256,500000,16,10,10000,20000,double-moka,1430,1424,1460,626,621,648,137,138,141,488,485,509
1024,256,500000,16,10,10000,20000,rw-lock-arc-vector,2517,2510,2609,1761,1764,1838,743,738,782,1016,1019,1056
1024,256,500000,16,16,60,200,rw-lock-vector,1462,1465,1534,1437,1441,1508,521,524,550,915,917,957
1024,256,500000,16,16,60,200,double-moka,1296,1307,1315,1246,1253,1276,57,57,59,1189,1197,1216
1024,256,500000,16,16,60,200,rw-lock-arc-vector,1697,1700,1800,1659,1665,1773,703,699,745,955,969,1027
1024,256,500000,16,16,10000,20000,rw-lock-vector,2577,2578,2656,1556,1550,1598,623,627,638,932,926,966
1024,256,500000,16,16,10000,20000,double-moka,1679,1680,1705,883,882,916,127,128,131,755,753,784
1024,256,500000,16,16,10000,20000,rw-lock-arc-vector,2743,2728,2834,1979,1959,2076,745,738,775,1233,1222,1305
2048,64,500000,6,6,60,200,rw-lock-vector,598,600,627,566,572,595,177,175,190,388,393,405
2048,64,500000,6,6,60,200,double-moka,688,689,700,649,649,657,104,104,108,543,545,549
2048,64,500000,6,6,60,200,rw-lock-arc-vector,675,678,708,642,645,677,227,231,236,414,420,440
2048,64,500000,6,6,10000,20000,rw-lock-vector,2348,2329,2453,630,620,712,258,254,285,371,363,426
2048,64,500000,6,6,10000,20000,double-moka,2457,2443,2539,732,732,768,206,206,217,525,523,551
2048,64,500000,6,6,10000,20000,rw-lock-arc-vector,2282,2268,2357,612,588,718,312,300,364,299,289,354
2048,64,500000,6,10,60,200,rw-lock-vector,745,741,802,712,705,773,177,176,197,533,531,577
2048,64,500000,6,10,60,200,double-moka,962,959,979,916,917,932,106,106,110,809,810,821
2048,64,500000,6,10,60,200,rw-lock-arc-vector,845,828,919,804,783,882,233,235,250,570,561,631
2048,64,500000,6,10,10000,20000,rw-lock-vector,2442,2448,2466,718,720,730,259,259,265,458,459,464
2048,64,500000,6,10,10000,20000,double-moka,2527,2525,2553,875,877,891,192,193,197,682,684,696
2048,64,500000,6,10,10000,20000,rw-lock-arc-vector,2304,2282,2418,690,667,794,313,302,364,376,369,430
2048,64,500000,6,16,60,200,rw-lock-vector,914,912,967,872,876,935,161,160,182,710,722,752
2048,64,500000,6,16,60,200,double-moka,1330,1319,1385,1275,1263,1330,103,101,118,1171,1162,1212
2048,64,500000,6,16,60,200,rw-lock-arc-vector,1024,1020,1110,973,970,1050,230,231,242,742,730,823
2048,64,500000,6,16,10000,20000,rw-lock-vector,2573,2575,2595,889,889,901,274,273,280,615,615,627
2048,64,500000,6,16,10000,20000,double-moka,2949,2936,3070,1198,1198,1249,200,200,214,997,997,1035
2048,64,500000,6,16,10000,20000,rw-lock-arc-vector,2550,2535,2763,879,866,1054,339,331,412,538,532,642
2048,64,500000,10,6,60,200,rw-lock-vector,824,829,857,798,805,832,273,273,290,524,534,550
2048,64,500000,10,6,60,200,double-moka,577,574,604,547,546,571,184,184,192,362,360,378
2048,64,500000,10,6,60,200,rw-lock-arc-vector,919,921,946,893,897,919,358,357,375,534,536,551
2048,64,500000,10,6,10000,20000,rw-lock-vector,2268,2268,2293,1199,1199,1229,514,515,527,684,683,702
2048,64,500000,10,6,10000,20000,double-moka,1597,1602,1617,581,585,592,164,165,167,416,418,425
2048,64,500000,10,6,10000,20000,rw-lock-arc-vector,2397,2389,2436,1439,1432,1483,687,686,714,752,748,770
2048,64,500000,10,10,60,200,rw-lock-vector,1027,1022,1100,1000,996,1072,291,286,321,708,707,751
2048,64,500000,10,10,60,200,double-moka,709,710,734,679,679,701,79,80,83,599,597,625
2048,64,500000,10,10,60,200,rw-lock-arc-vector,1167,1161,1210,1134,1128,1171,396,394,411,737,735,772
2048,64,500000,10,10,10000,20000,rw-lock-vector,2540,2540,2564,1425,1427,1463,547,548,567,878,880,896
2048,64,500000,10,10,10000,20000,double-moka,1817,1797,1902,751,752,767,163,165,168,587,588,599
2048,64,500000,10,10,10000,20000,rw-lock-arc-vector,2628,2626,2666,1607,1608,1649,687,683,716,919,922,933
2048,64,500000,10,16,60,200,rw-lock-vector,1303,1306,1363,1268,1276,1322,304,300,330,963,961,998
2048,64,500000,10,16,60,200,double-moka,1280,1280,1311,1239,1237,1273,78,77,83,1161,1160,1191
2048,64,500000,10,16,60,200,rw-lock-arc-vector,1467,1474,1550,1427,1440,1516,429,437,442,997,1002,1077
2048,64,500000,10,16,10000,20000,rw-lock-vector,2793,2767,2979,1726,1706,1859,580,573,633,1145,1136,1226
2048,64,500000,10,16,10000,20000,double-moka,2028,2030,2079,974,973,990,156,156,158,817,816,832
2048,64,500000,10,16,10000,20000,rw-lock-arc-vector,2727,2714,2856,1735,1724,1836,645,643,676,1089,1087,1159
2048,64,500000,12,6,60,200,rw-lock-vector,908,906,961,883,878,939,339,338,370,543,539,569
2048,64,500000,12,6,60,200,double-moka,596,582,644,570,556,618,236,236,250,333,321,387
2048,64,500000,12,6,60,200,rw-lock-arc-vector,955,945,1007,930,921,981,416,418,435,512,505,547
2048,64,500000,12,6,10000,20000,rw-lock-vector,2317,2318,2346,1359,1359,1377,605,605,617,753,754,765
2048,64,500000,12,6,10000,20000,double-moka,1498,1491,1560,542,541,566,152,152,157,389,388,408
2048,64,500000,12,6,10000,20000,rw-lock-arc-vector,2585,2586,2636,1735,1729,1778,810,808,844,924,923,945
2048,64,500000,12,10,60,200,rw-lock-vector,1113,1116,1171,1088,1091,1146,362,355,395,725,735,751
2048,64,500000,12,10,60,200,double-moka,666,668,675,638,639,649,110,111,118,526,529,543
2048,64,500000,12,10,60,200,rw-lock-arc-vector,1260,1249,1314,1230,1219,1288,485,481,528,745,740,786
2048,64,500000,12,10,10000,20000,rw-lock-vector,2520,2518,2554,1555,1543,1598,625,625,649,928,926,954
2048,64,500000,12,10,10000,20000,double-moka,1622,1610,1700,677,673,711,145,145,151,531,528,560
2048,64,500000,12,10,10000,20000,rw-lock-arc-vector,2717,2715,2780,1863,1857,1941,791,788,823,1071,1068,1118
2048,64,500000,12,16,60,200,rw-lock-vector,1452,1458,1522,1420,1423,1491,392,382,437,1028,1036,1060
2048,64,500000,12,16,60,200,double-moka,1292,1305,1333,1251,1262,1288,67,67,70,1183,1193,1220
2048,64,500000,12,16,60,200,rw-lock-arc-vector,1619,1625,1682,1585,1589,1651,533,533,553,1050,1058,1100
2048,64,500000,12,16,10000,20000,rw-lock-vector,2838,2852,2888,1862,1866,1918,666,667,689,1195,1201,1248
2048,64,500000,12,16,10000,20000,double-moka,1849,1840,1897,917,915,941,138,138,143,778,777,798
2048,64,500000,12,16,10000,20000,rw-lock-arc-vector,2866,2864,2916,2009,2010,2065,725,727,738,1283,1282,1327
2048,64,500000,16,6,60,200,rw-lock-vector,952,951,980,932,932,961,419,411,443,512,512,532
2048,64,500000,16,6,60,200,double-moka,624,626,647,602,603,626,304,300,330,297,295,314
2048,64,500000,16,6,60,200,rw-lock-arc-vector,1033,1029,1085,1011,1008,1062,504,508,526,506,499,547
2048,64,500000,16,6,10000,20000,rw-lock-vector,2236,2235,2270,1389,1386,1417,682,683,691,706,703,725
2048,64,500000,16,6,10000,20000,double-moka,1299,1297,1319,497,495,511,141,140,148,355,352,366
2048,64,500000,16,6,10000,20000,rw-lock-arc-vector,2524,2522,2628,1782,1774,1862,849,846,895,932,930,966
2048,64,500000,16,10,60,200,rw-lock-vector,1213,1215,1269,1191,1192,1247,484,476,516,706,711,731
2048,64,500000,16,10,60,200,double-moka,671,664,708,649,643,684,188,186,204,460,456,479
2048,64,500000,16,10,60,200,rw-lock-arc-vector,1318,1326,1397,1292,1298,1372,599,597,634,692,692,737
2048,64,500000,16,10,10000,20000,rw-lock-vector,2467,2462,2512,1626,1626,1642,744,744,752,880,879,894
2048,64,500000,16,10,10000,20000,double-moka,1469,1449,1559,665,654,727,130,129,135,535,524,592
2048,64,500000,16,10,10000,20000,rw-lock-arc-vector,2706,2706,2750,1951,1951,1984,852,850,884,1098,1098,1119
2048,64,500000,16,16,60,200,rw-lock-vector,1568,1570,1659,1531,1529,1616,555,552,602,975,984,1016
2048,64,500000,16,16,60,200,double-moka,1378,1391,1436,1325,1330,1396,57,57,60,1267,1272,1339
2048,64,500000,16,16,60,200,rw-lock-arc-vector,1727,1742,1823,1697,1710,1792,724,723,760,972,981,1039
2048,64,500000,16,16,10000,20000,rw-lock-vector,2826,2826,2870,2002,1998,2031,834,836,848,1167,1170,1183
2048,64,500000,16,16,10000,20000,double-moka,1721,1727,1753,945,943,965,119,119,122,825,821,846
2048,64,500000,16,16,10000,20000,rw-lock-arc-vector,2972,2991,3007,2210,2221,2241,861,857,893,1348,1341,1372
2048,128,500000,6,6,60,200,rw-lock-vector,587,586,628,554,556,592,171,170,188,382,385,403
2048,128,500000,6,6,60,200,double-moka,698,697,712,659,659,666,106,107,110,551,552,556
2048,128,500000,6,6,60,200,rw-lock-arc-vector,683,681,702,647,645,671,230,229,242,416,416,437
2048,128,500000,6,6,10000,20000,rw-lock-vector,2423,2422,2464,672,670,706,273,272,288,398,397,418
2048,128,500000,6,6,10000,20000,double-moka,2477,2475,2533,741,742,751,212,213,218,528,528,535
2048,128,500000,6,6,10000,20000,rw-lock-arc-vector,2283,2279,2348,616,609,711,314,311,363,301,297,348
2048,128,500000,6,10,60,200,rw-lock-vector,727,731,784,690,696,748,172,174,190,516,522,558
2048,128,500000,6,10,60,200,double-moka,945,944,967,897,896,918,103,102,113,792,792,805
2048,128,500000,6,10,60,200,rw-lock-arc-vector,833,833,851,788,791,810,229,230,243,559,564,581
2048,128,500000,6,10,10000,20000,rw-lock-vector,2467,2468,2488,771,771,785,279,278,287,491,491,499
2048,128,500000,6,10,10000,20000,double-moka,2562,2559,2600,905,906,915,206,206,208,698,699,709
2048,128,500000,6,10,10000,20000,rw-lock-arc-vector,2295,2294,2311,679,683,695,306,304,320,371,374,388
2048,128,500000,6,16,60,200,rw-lock-vector,917,920,985,875,882,940,166,166,184,708,713,756
2048,128,500000,6,16,60,200,double-moka,1315,1308,1342,1259,1256,1286,103,101,111,1155,1154,1174
2048,128,500000,6,16,60,200,rw-lock-arc-vector,1067,1060,1124,1022,1018,1083,226,229,239,795,790,844
2048,128,500000,6,16,10000,20000,rw-lock-vector,2713,2716,2835,974,966,1092,303,300,335,670,664,756
2048,128,500000,6,16,10000,20000,double-moka,2924,2923,2985,1205,1206,1225,210,210,216,994,995,1009
2048,128,500000,6,16,10000,20000,rw-lock-arc-vector,2537,2517,2660,856,842,965,335,328,376,521,507,589
2048,128,500000,10,6,60,200,rw-lock-vector,816,817,857,791,792,828,280,281,296,510,510,532
2048,128,500000,10,6,60,200,double-moka,571,569,583,545,544,557,185,185,194,359,358,364
2048,128,500000,10,6,60,200,rw-lock-arc-vector,916,922,942,890,896,911,358,354,371,531,537,549
2048,128,500000,10,6,10000,20000,rw-lock-vector,2299,2298,2329,1200,1197,1239,520,518,544,679,680,695
2048,128,500000,10,6,10000,20000,double-moka,1558,1555,1618,570,569,590,164,164,170,405,404,420
2048,128,500000,10,6,10000,20000,rw-lock-arc-vector,2432,2387,2650,1461,1434,1612,691,681,751,769,753,860
2048,128,500000,10,10,60,200,rw-lock-vector,1041,1041,1098,1012,1008,1071,298,298,321,713,709,749
2048,128,500000,10,10,60,200,double-moka,734,732,768,704,703,729,83,83,86,620,617,644
2048,128,500000,10,10,60,200,rw-lock-arc-vector,1152,1148,1197,1121,1117,1166,391,393,413,729,734,761
2048,128,500000,10,10,10000,20000,rw-lock-vector,2549,2545,2573,1406,1405,1439,549,548,569,856,857,870
2048,128,500000,10,10,10000,20000,double-moka,1833,1836,1848,755,753,774,169,170,175,585,584,598
2048,128,500000,10,10,10000,20000,rw-lock-arc-vector,2633,2623,2700,1607,1594,1674,690,692,719,916,910,962
2048,128,500000,10,16,60,200,rw-lock-vector,1280,1266,1387,1245,1235,1352,298,293,333,947,943,1018
2048,128,500000,10,16,60,200,double-moka,1254,1253,1274,1218,1218,1242,81,81,84,1137,1136,1159
2048,128,500000,10,16,60,200,rw-lock-arc-vector,1492,1486,1555,1456,1452,1519,432,429,461,1023,1021,1069
2048,128,500000,10,16,10000,20000,rw-lock-vector,2748,2741,2809,1646,1645,1704,561,558,580,1083,1081,1124
2048,128,500000,10,16,10000,20000,double-moka,2066,2067,2106,983,988,995,163,164,166,819,822,830
2048,128,500000,10,16,10000,20000,rw-lock-arc-vector,2720,2744,2774,1737,1757,1794,643,647,670,1093,1105,1125
2048,128,500000,12,6,60,200,rw-lock-vector,858,862,890,834,838,866,330,331,355,503,502,534
2048,128,500000,12,6,60,200,double-moka,584,586,595,560,560,570,235,237,243,323,323,330
2048,128,500000,12,6,60,200,rw-lock-arc-vector,981,967,1071,956,944,1047,423,420,457,532,527,590
2048,128,500000,12,6,10000,20000,rw-lock-vector,2308,2310,2322,1332,1335,1355,601,605,614,730,730,743
2048,128,500000,12,6,10000,20000,double-moka,1477,1475,1496,540,537,553,155,155,159,384,383,394
2048,128,500000,12,6,10000,20000,rw-lock-arc-vector,2574,2575,2632,1731,1730,1790,804,806,839,926,924,951
2048,128,500000,12,10,60,200,rw-lock-vector,1126,1109,1214,1099,1083,1192,369,368,421,728,731,771
2048,128,500000,12,10,60,200,double-moka,654,661,678,626,634,648,116,116,123,509,514,531
2048,128,500000,12,10,60,200,rw-lock-arc-vector,1199,1195,1287,1170,1166,1264,462,467,483,707,705,780
2048,128,500000,12,10,10000,20000,rw-lock-vector,2469,2475,2498,1505,1506,1545,616,611,637,888,889,914
2048,128,500000,12,10,10000,20000,double-moka,1645,1634,1706,690,689,710,152,152,158,536,536,553
2048,128,500000,12,10,10000,20000,rw-lock-arc-vector,2681,2682,2731,1839,1844,1883,774,772,792,1064,1071,1091
2048,128,500000,12,16,60,200,rw-lock-vector,1448,1457,1536,1416,1420,1507,403,407,436,1012,1011,1071
2048,128,500000,12,16,60,200,double-moka,1292,1285,1337,1252,1243,1312,71,71,76,1181,1170,1236
2048,128,500000,12,16,60,200,rw-lock-arc-vector,1603,1624,1692,1564,1587,1651,541,538,579,1022,1048,1092
2048,128,500000,12,16,10000,20000,rw-lock-vector,2672,2666,2745,1728,1721,1786,620,620,640,1107,1103,1154
2048,128,500000,12,16,10000,20000,double-moka,1891,1899,1903,935,933,952,148,147,152,786,784,799
2048,128,500000,12,16,10000,20000,rw-lock-arc-vector,2880,2873,2946,2021,2018,2100,733,728,760,1287,1290,1339
2048,128,500000,16,6,60,200,rw-lock-vector,910,908,936,890,888,917,400,401,416,489,490,513
2048,128,500000,16,6,60,200,double-moka,610,609,633,588,586,611,289,289,295,298,294,322
2048,128,500000,16,6,60,200,rw-lock-arc-vector,1060,1060,1086,1037,1035,1065,514,515,534,522,525,549
2048,128,500000,16,6,10000,20000,rw-lock-vector,2191,2190,2214,1352,1346,1379,668,671,685,683,680,699
2048,128,500000,16,6,10000,20000,double-moka,1364,1346,1448,535,525,585,155,155,175,379,372,421
2048,128,500000,16,6,10000,20000,rw-lock-arc-vector,2555,2556,2628,1824,1840,1863,868,870,900,956,962,975
2048,128,500000,16,10,60,200,rw-lock-vector,1176,1177,1227,1153,1155,1207,463,465,489,689,693,718
2048,128,500000,16,10,60,200,double-moka,669,667,689,645,644,665,193,189,212,451,449,474
2048,128,500000,16,10,60,200,rw-lock-arc-vector,1319,1324,1379,1285,1286,1344,595,594,629,689,698,720
2048,128,500000,16,10,10000,20000,rw-lock-vector,2363,2366,2390,1528,1537,1551,692,693,709,835,837,856
2048,128,500000,16,10,10000,20000,double-moka,1502,1432,1658,684,643,806,136,136,142,547,506,663
2048,128,500000,16,10,10000,20000,rw-lock-arc-vector,2684,2684,2750,1952,1959,2003,849,851,887,1103,1102,1130
2048,128,500000,16,16,60,200,rw-lock-vector,1507,1509,1611,1469,1466,1575,527,532,577,940,937,998
2048,128,500000,16,16,60,200,double-moka,1358,1358,1389,1301,1308,1326,59,59,62,1241,1250,1268
2048,128,500000,16,16,60,200,rw-lock-arc-vector,1710,1720,1792,1681,1691,1761,716,720,738,964,958,1039
2048,128,500000,16,16,10000,20000,rw-lock-vector,2673,2683,2711,1839,1847,1873,747,750,765,1091,1091,1112
2048,128,500000,16,16,10000,20000,double-moka,1743,1735,1819,950,944,1000,126,125,131,823,818,868
2048,128,500000,16,16,10000,20000,rw-lock-arc-vector,2981,2974,3059,2212,2199,2267,868,866,891,1343,1335,1376
2048,256,500000,6,6,60,200,rw-lock-vector,581,576,630,550,547,597,171,171,188,377,375,408
2048,256,500000,6,6,60,200,double-moka,711,707,748,671,666,706,112,112,123,558,554,583
2048,256,500000,6,6,60,200,rw-lock-arc-vector,681,680,706,646,645,664,233,235,239,412,410,430
2048,256,500000,6,6,10000,20000,rw-lock-vector,2430,2435,2451,680,680,697,283,284,292,395,396,404
2048,256,500000,6,6,10000,20000,double-moka,2467,2464,2527,749,747,778,217,218,223,531,528,554
2048,256,500000,6,6,10000,20000,rw-lock-arc-vector,2271,2261,2325,611,594,691,314,305,352,296,286,338
2048,256,500000,6,10,60,200,rw-lock-vector,709,705,757,673,672,718,169,167,184,504,509,534
2048,256,500000,6,10,60,200,double-moka,908,905,929,858,856,876,103,102,111,754,753,765
2048,256,500000,6,10,60,200,rw-lock-arc-vector,814,812,865,776,777,823,217,220,231,558,568,591
2048,256,500000,6,10,10000,20000,rw-lock-vector,2468,2451,2573,775,761,835,293,290,315,480,472,520
2048,256,500000,6,10,10000,20000,double-moka,2609,2605,2661,919,913,966,213,213,226,705,700,740
2048,256,500000,6,10,10000,20000,rw-lock-arc-vector,2287,2288,2313,670,669,696,304,308,317,365,368,382
2048,256,500000,6,16,60,200,rw-lock-vector,871,869,910,828,827,876,154,157,160,673,684,716
2048,256,500000,6,16,60,200,double-moka,1321,1329,1359,1259,1262,1297,107,107,115,1151,1153,1181
2048,256,500000,6,16,60,200,rw-lock-arc-vector,1066,1059,1130,1025,1011,1085,223,222,243,800,789,850
2048,256,500000,6,16,10000,20000,rw-lock-vector,2678,2662,2865,930,918,1047,306,302,345,623,617,702
2048,256,500000,6,16,10000,20000,double-moka,2940,2942,3030,1194,1194,1246,214,215,223,979,977,1022
2048,256,500000,6,16,10000,20000,rw-lock-arc-vector,2531,2523,2611,850,828,959,334,328,374,515,501,585
2048,256,500000,10,6,60,200,rw-lock-vector,794,796,824,769,769,801,270,267,288,498,498,513
2048,256,500000,10,6,60,200,double-moka,569,571,578,543,545,552,184,184,192,358,358,364
2048,256,500000,10,6,60,200,rw-lock-arc-vector,913,912,939,885,886,912,354,351,373,530,539,547
2048,256,500000,10,6,10000,20000,rw-lock-vector,2254,2252,2273,1134,1132,1163,500,499,517,633,633,648
2048,256,500000,10,6,10000,20000,double-moka,1575,1566,1674,589,589,632,172,172,184,416,415,447
2048,256,500000,10,6,10000,20000,rw-lock-arc-vector,2451,2425,2625,1464,1448,1586,695,688,748,769,760,837
2048,256,500000,10,10,60,200,rw-lock-vector,985,993,1031,955,968,1004,277,277,298,678,685,721
2048,256,500000,10,10,60,200,double-moka,723,726,765,692,696,735,85,85,90,606,609,649
2048,256,500000,10,10,60,200,rw-lock-arc-vector,1147,1145,1197,1112,1108,1163,394,396,414,717,713,758
2048,256,500000,10,10,10000,20000,rw-lock-vector,2451,2446,2480,1269,1271,1299,502,501,526,765,765,786
2048,256,500000,10,10,10000,20000,double-moka,1815,1815,1859,756,757,777,173,175,180,582,582,598
2048,256,500000,10,10,10000,20000,rw-lock-arc-vector,2621,2611,2672,1600,1597,1656,686,684,716,913,916,940
2048,256,500000,10,16,60,200,rw-lock-vector,1271,1283,1335,1235,1243,1304,298,302,323,936,943,985
2048,256,500000,10,16,60,200,double-moka,1221,1221,1261,1185,1177,1230,80,80,88,1104,1101,1144
2048,256,500000,10,16,60,200,rw-lock-arc-vector,1472,1488,1566,1431,1448,1522,430,428,460,1000,1016,1076
2048,256,500000,10,16,10000,20000,rw-lock-vector,2552,2555,2571,1443,1443,1469,499,501,520,944,948,962
2048,256,500000,10,16,10000,20000,double-moka,2023,2022,2048,964,962,983,166,166,169,797,795,814
2048,256,500000,10,16,10000,20000,rw-lock-arc-vector,2668,2659,2722,1686,1673,1747,626,625,641,1059,1053,1105
2048,256,500000,12,6,60,200,rw-lock-vector,836,842,881,812,816,860,311,314,341,500,500,536
2048,256,500000,12,6,60,200,double-moka,597,596,605,571,572,580,245,245,253,325,325,332
2048,256,500000,12,6,60,200,rw-lock-arc-vector,963,958,1004,935,931,973,425,419,457,510,500,554
2048,256,500000,12,6,10000,20000,rw-lock-vector,2321,2321,2351,1171,1178,1209,532,533,542,638,641,667
2048,256,500000,12,6,10000,20000,double-moka,1487,1486,1508,558,560,580,163,163,170,394,396,409
2048,256,500000,12,6,10000,20000,rw-lock-arc-vector,2590,2580,2669,1735,1740,1769,805,804,832,929,936,945
2048,256,500000,12,10,60,200,rw-lock-vector,1057,1043,1138,1032,1019,1110,341,335,378,689,690,731
2048,256,500000,12,10,60,200,double-moka,619,618,628,592,591,602,115,115,121,477,475,489
2048,256,500000,12,10,60,200,rw-lock-arc-vector,1211,1210,1274,1180,1178,1241,464,466,477,716,711,767
2048,256,500000,12,10,10000,20000,rw-lock-vector,2433,2436,2453,1300,1290,1337,536,533,562,763,762,790
2048,256,500000,12,10,10000,20000,double-moka,1626,1631,1654,692,698,720,158,160,167,533,537,553
2048,256,500000,12,10,10000,20000,rw-lock-arc-vector,2697,2698,2743,1851,1859,1913,779,778,811,1071,1081,1103
2048,256,500000,12,16,60,200,rw-lock-vector,1382,1370,1483,1349,1341,1452,374,377,417,974,968,1035
2048,256,500000,12,16,60,200,double-moka,1254,1257,1278,1215,1216,1235,73,73,80,1141,1142,1159
2048,256,500000,12,16,60,200,rw-lock-arc-vector,1593,1587,1664,1561,1555,1631,553,552,591,1008,1004,1077
2048,256,500000,12,16,10000,20000,rw-lock-vector,2607,2604,2671,1513,1517,1540,534,533,545,978,977,998
2048,256,500000,12,16,10000,20000,double-moka,1898,1897,1945,928,925,958,154,153,160,774,769,803
2048,256,500000,12,16,10000,20000,rw-lock-arc-vector,2892,2888,2950,2032,2027,2102,736,738,754,1295,1290,1347
2048,256,500000,16,6,60,200,rw-lock-vector,886,879,933,865,860,912,394,392,423,471,468,493
2048,256,500000,16,6,60,200,double-moka,612,608,641,588,583,613,297,297,308,290,287,316
2048,256,500000,16,6,60,200,rw-lock-arc-vector,1053,1053,1103,1024,1024,1068,511,515,542,512,513,536
2048,256,500000,16,6,10000,20000,rw-lock-vector,2616,2652,2796,768,735,1121,405,386,564,363,348,556
2048,256,500000,16,6,10000,20000,double-moka,1345,1335,1451,522,515,589,155,152,178,366,362,410
2048,256,500000,16,6,10000,20000,rw-lock-arc-vector,2591,2584,2684,1839,1825,1941,879,874,940,959,957,1000
2048,256,500000,16,10,60,200,rw-lock-vector,1115,1129,1192,1091,1104,1170,444,449,482,646,653,688
2048,256,500000,16,10,60,200,double-moka,669,671,683,646,648,658,197,196,217,448,447,461
2048,256,500000,16,10,60,200,rw-lock-arc-vector,1314,1319,1378,1284,1293,1341,596,597,627,687,689,725
2048,256,500000,16,10,10000,20000,rw-lock-vector,2717,2729,2875,878,834,1270,418,403,587,458,433,682
2048,256,500000,16,10,10000,20000,double-moka,1482,1458,1562,667,656,723,142,143,147,524,515,575
2048,256,500000,16,10,10000,20000,rw-lock-arc-vector,2688,2696,2752,1945,1958,2025,849,851,874,1096,1098,1151
2048,256,500000,16,16,60,200,rw-lock-vector,1457,1444,1542,1430,1421,1520,523,519,556,906,901,963
2048,256,500000,16,16,60,200,double-moka,1300,1297,1375,1251,1248,1339,65,65,71,1185,1182,1279
2048,256,500000,16,16,60,200,rw-lock-arc-vector,1708,1700,1818,1680,1668,1789,727,726,766,952,945,1023
2048,256,500000,16,16,10000,20000,rw-lock-vector,2789,2807,2927,1251,1106,1672,516,453,686,734,653,985
2048,256,500000,16,16,10000,20000,double-moka,1703,1697,1803,914,903,1014,131,131,135,782,772,878
2048,256,500000,16,16,10000,20000,rw-lock-arc-vector,2913,2909,2988,2159,2169,2234,841,842,865,1316,1323,1374
4096,64,500000,6,6,60,200,rw-lock-vector,613,612,632,581,581,603,180,181,192,400,401,417
4096,64,500000,6,6,60,200,double-moka,758,760,778,715,716,734,119,117,126,596,596,609
4096,64,500000,6,6,60,200,rw-lock-arc-vector,687,684,722,653,651,690,231,229,245,420,425,444
4096,64,500000,6,6,10000,20000,rw-lock-vector,2513,2511,2537,733,731,761,303,303,313,429,428,448
4096,64,500000,6,6,10000,20000,double-moka,2519,2512,2562,814,812,833,226,226,234,587,586,601
4096,64,500000,6,6,10000,20000,rw-lock-arc-vector,2272,2249,2364,649,631,781,322,316,383,325,316,398
4096,64,500000,6,10,60,200,rw-lock-vector,750,752,819,711,714,783,171,172,196,539,545,586
4096,64,500000,6,10,60,200,double-moka,971,970,1009,924,916,958,108,106,120,815,811,837
4096,64,500000,6,10,60,200,rw-lock-arc-vector,838,840,883,796,804,842,231,231,241,564,575,605
4096,64,500000,6,10,10000,20000,rw-lock-vector,2621,2617,2660,906,904,936,326,324,339,579,579,601
4096,64,500000,6,10,10000,20000,double-moka,2684,2687,2704,1005,1005,1018,216,217,219,788,788,799
4096,64,500000,6,10,10000,20000,rw-lock-arc-vector,2336,2336,2361,716,713,742,316,315,329,399,398,413
4096,64,500000,6,16,60,200,rw-lock-vector,934,931,982,893,898,944,173,172,189,719,722,760
4096,64,500000,6,16,60,200,double-moka,1416,1429,1445,1360,1362,1388,116,118,125,1244,1247,1264
4096,64,500000,6,16,60,200,rw-lock-arc-vector,1059,1052,1135,1013,1004,1083,230,234,246,782,780,847
4096,64,500000,6,16,10000,20000,rw-lock-vector,2997,2989,3058,1215,1212,1275,367,367,380,846,845,894
4096,64,500000,6,16,10000,20000,double-moka,3107,3099,3192,1361,1358,1389,220,221,224,1140,1137,1165
4096,64,500000,6,16,10000,20000,rw-lock-arc-vector,2560,2551,2663,891,876,1018,340,331,386,550,539,631
4096,64,500000,10,6,60,200,rw-lock-vector,839,834,905,814,813,878,290,283,327,523,526,550
4096,64,500000,10,6,60,200,double-moka,600,601,611,573,573,584,196,196,205,376,377,379
4096,64,500000,10,6,60,200,rw-lock-arc-vector,924,926,951,896,902,924,365,363,379,531,541,552
4096,64,500000,10,6,10000,20000,rw-lock-vector,2531,2552,2584,1337,1342,1376,593,593,609,743,748,766
4096,64,500000,10,6,10000,20000,double-moka,1696,1696,1712,664,664,671,185,185,187,478,479,484
4096,64,500000,10,6,10000,20000,rw-lock-arc-vector,2595,2586,2659,1569,1564,1629,736,737,764,832,827,867
4096,64,500000,10,10,60,200,rw-lock-vector,1068,1069,1134,1039,1043,1107,314,308,357,725,727,756
4096,64,500000,10,10,60,200,double-moka,750,742,796,718,710,760,93,94,96,624,617,663
4096,64,500000,10,10,60,200,rw-lock-arc-vector,1174,1178,1229,1138,1143,1194,406,404,425,732,739,769
4096,64,500000,10,10,10000,20000,rw-lock-vector,2860,2857,2893,1637,1633,1680,649,645,670,988,988,1010
4096,64,500000,10,10,10000,20000,double-moka,1800,1807,1815,805,805,819,174,174,178,630,630,641
4096,64,500000,10,10,10000,20000,rw-lock-arc-vector,2611,2618,2651,1619,1630,1648,698,700,710,920,921,943
4096,64,500000,10,16,60,200,rw-lock-vector,1386,1366,1550,1348,1330,1519,326,316,380,1022,1011,1139
4096,64,500000,10,16,60,200,double-moka,1308,1302,1373,1270,1267,1326,89,90,96,1181,1179,1230
4096,64,500000,10,16,60,200,rw-lock-arc-vector,1493,1488,1576,1454,1452,1529,444,447,454,1009,998,1079
4096,64,500000,10,16,10000,20000,rw-lock-vector,3168,3171,3211,2023,2023,2077,704,700,726,1318,1324,1351
4096,64,500000,10,16,10000,20000,double-moka,2174,2173,2234,1115,1112,1144,177,177,183,937,934,960
4096,64,500000,10,16,10000,20000,rw-lock-arc-vector,2907,2909,3014,1877,1874,1976,689,682,735,1187,1191,1253
4096,64,500000,12,6,60,200,rw-lock-vector,907,906,939,882,882,908,359,360,379,523,523,540
4096,64,500000,12,6,60,200,double-moka,639,640,659,614,616,630,258,259,267,355,357,366
4096,64,500000,12,6,60,200,rw-lock-arc-vector,1010,1005,1063,984,980,1037,436,438,485,547,548,565
4096,64,500000,12,6,10000,20000,rw-lock-vector,2594,2597,2627,1499,1505,1551,690,690,719,809,812,832
4096,64,500000,12,6,10000,20000,double-moka,1507,1502,1576,584,581,623,163,162,173,421,418,450
4096,64,500000,12,6,10000,20000,rw-lock-arc-vector,2627,2624,2663,1790,1787,1827,829,827,849,960,960,980
4096,64,500000,12,10,60,200,rw-lock-vector,1149,1150,1245,1122,1123,1219,393,388,479,728,731,766
4096,64,500000,12,10,60,200,double-moka,658,660,667,629,631,636,120,119,128,509,507,522
4096,64,500000,12,10,60,200,rw-lock-arc-vector,1221,1219,1265,1187,1184,1238,467,468,477,719,721,767
4096,64,500000,12,10,10000,20000,rw-lock-vector,2882,2877,2929,1785,1787,1840,745,744,772,1039,1040,1070
4096,64,500000,12,10,10000,20000,double-moka,1683,1675,1748,755,754,790,160,159,168,594,594,622
4096,64,500000,12,10,10000,20000,rw-lock-arc-vector,2773,2768,2857,1923,1921,2008,809,806,847,1113,1114,1161
4096,64,500000,12,16,60,200,rw-lock-vector,1489,1503,1595,1456,1469,1568,433,430,521,1022,1036,1095
4096,64,500000,12,16,60,200,double-moka,1302,1303,1347,1265,1265,1316,76,78,82,1188,1192,1234
4096,64,500000,12,16,60,200,rw-lock-arc-vector,1611,1594,1706,1576,1560,1677,551,547,594,1023,1028,1082
4096,64,500000,12,16,10000,20000,rw-lock-vector,3297,3309,3333,2244,2257,2281,832,832,856,1411,1416,1435
4096,64,500000,12,16,10000,20000,double-moka,1948,1919,2104,1025,1016,1122,156,157,162,868,858,960
4096,64,500000,12,16,10000,20000,rw-lock-arc-vector,2998,3002,3034,2137,2139,2178,779,784,791,1356,1371,1390
4096,64,500000,16,6,60,200,rw-lock-vector,946,945,973,920,920,946,424,426,440,495,498,513
4096,64,500000,16,6,60,200,double-moka,644,635,690,622,613,666,308,306,324,314,308,343
4096,64,500000,16,6,60,200,rw-lock-arc-vector,1068,1080,1121,1045,1057,1098,527,532,557,517,527,540
4096,64,500000,16,6,10000,20000,rw-lock-vector,2495,2494,2515,1487,1480,1539,750,746,773,737,734,766
4096,64,500000,16,6,10000,20000,double-moka,1358,1345,1512,545,536,639,155,150,188,389,385,451
4096,64,500000,16,6,10000,20000,rw-lock-arc-vector,2643,2647,2702,1898,1904,1956,912,916,932,985,981,1023
4096,64,500000,16,10,60,200,rw-lock-vector,1239,1254,1294,1210,1222,1271,501,501,539,708,717,740
4096,64,500000,16,10,60,200,double-moka,699,699,727,674,676,701,205,203,217,468,470,496
4096,64,500000,16,10,60,200,rw-lock-arc-vector,1340,1334,1426,1314,1308,1403,608,612,650,705,710,753
4096,64,500000,16,10,10000,20000,rw-lock-vector,2798,2797,2825,1845,1855,1895,875,878,899,969,974,996
4096,64,500000,16,10,10000,20000,double-moka,1482,1481,1506,694,692,716,139,139,142,553,552,576
4096,64,500000,16,10,10000,20000,rw-lock-arc-vector,2825,2836,2885,2066,2086,2115,909,913,932,1157,1165,1190
4096,64,500000,16,16,60,200,rw-lock-vector,1622,1615,1720,1596,1590,1696,604,596,646,991,994,1050
4096,64,500000,16,16,60,200,double-moka,1236,1197,1327,1190,1157,1284,68,68,75,1121,1087,1220
4096,64,500000,16,16,60,200,rw-lock-arc-vector,1756,1769,1815,1723,1739,1786,730,730,751,991,994,1045
4096,64,500000,16,16,10000,20000,rw-lock-vector,3240,3245,3298,2328,2326,2385,1023,1023,1040,1305,1307,1347
4096,64,500000,16,16,10000,20000,double-moka,1792,1788,1822,1016,1016,1049,131,131,135,884,882,915
4096,64,500000,16,16,10000,20000,rw-lock-arc-vector,3037,3059,3117,2289,2299,2347,897,903,929,1391,1391,1433
4096,128,500000,6,6,60,200,rw-lock-vector,594,598,634,561,563,602,174,173,194,385,386,409
4096,128,500000,6,6,60,200,double-moka,725,723,758,685,688,712,115,114,126,569,572,586
4096,128,500000,6,6,60,200,rw-lock-arc-vector,691,697,720,654,659,683,229,229,239,424,426,448
4096,128,500000,6,6,10000,20000,rw-lock-vector,2567,2567,2599,809,812,824,330,331,337,479,480,487
4096,128,500000,6,6,10000,20000,double-moka,2478,2477,2507,797,796,811,224,224,229,572,570,582
4096,128,500000,6,6,10000,20000,rw-lock-arc-vector,2264,2252,2388,640,633,753,316,313,368,322,320,384
4096,128,500000,6,10,60,200,rw-lock-vector,741,740,798,704,704,761,176,174,198,527,531,562
4096,128,500000,6,10,60,200,double-moka,1016,1017,1058,967,970,1002,121,123,129,846,845,873
4096,128,500000,6,10,60,200,rw-lock-arc-vector,821,823,858,778,786,824,231,229,240,546,554,584
4096,128,500000,6,10,10000,20000,rw-lock-vector,2839,2834,2973,1024,1021,1116,364,366,396,659,655,720
4096,128,500000,6,10,10000,20000,double-moka,2765,2766,2811,1043,1032,1078,230,229,237,812,804,840
4096,128,500000,6,10,10000,20000,rw-lock-arc-vector,2426,2417,2475,750,736,815,332,326,358,417,414,457
4096,128,500000,6,16,60,200,rw-lock-vector,948,935,1018,904,891,968,178,177,195,725,716,773
4096,128,500000,6,16,60,200,double-moka,1419,1422,1449,1362,1369,1390,121,123,128,1241,1244,1262
4096,128,500000,6,16,60,200,rw-lock-arc-vector,1079,1075,1139,1032,1036,1083,234,236,247,798,808,844
4096,128,500000,6,16,10000,20000,rw-lock-vector,3056,3058,3122,1286,1286,1334,394,393,407,891,891,927
4096,128,500000,6,16,10000,20000,double-moka,3005,3002,3054,1317,1316,1332,220,220,224,1095,1095,1107
4096,128,500000,6,16,10000,20000,rw-lock-arc-vector,2503,2509,2542,870,875,912,328,327,345,541,545,567
4096,128,500000,10,6,60,200,rw-lock-vector,829,828,865,804,801,838,291,292,306,512,509,546
4096,128,500000,10,6,60,200,double-moka,620,621,627,591,592,599,199,201,206,391,392,396
4096,128,500000,10,6,60,200,rw-lock-arc-vector,927,930,957,898,899,928,368,367,390,529,524,559
4096,128,500000,10,6,10000,20000,rw-lock-vector,2682,2681,2721,1228,1225,1309,558,554,594,669,670,715
4096,128,500000,10,6,10000,20000,double-moka,1690,1692,1759,668,672,699,190,190,200,477,481,498
4096,128,500000,10,6,10000,20000,rw-lock-arc-vector,2514,2519,2581,1522,1521,1580,719,719,744,802,803,836
4096,128,500000,10,10,60,200,rw-lock-vector,1079,1063,1206,1045,1032,1171,323,313,367,722,717,808
4096,128,500000,10,10,60,200,double-moka,741,740,808,710,713,772,93,95,98,616,616,677
4096,128,500000,10,10,60,200,rw-lock-arc-vector,1210,1221,1261,1176,1193,1224,412,413,436,763,782,792
4096,128,500000,10,10,10000,20000,rw-lock-vector,3004,2992,3126,1599,1593,1671,656,652,677,942,939,993
4096,128,500000,10,10,10000,20000,double-moka,1935,1921,2022,861,859,893,190,191,198,670,668,695
4096,128,500000,10,10,10000,20000,rw-lock-arc-vector,2699,2675,2852,1695,1670,1815,718,708,769,976,962,1046
4096,128,500000,10,16,60,200,rw-lock-vector,1349,1347,1454,1312,1308,1412,326,323,362,985,986,1050
4096,128,500000,10,16,60,200,double-moka,1288,1289,1316,1254,1256,1289,90,89,98,1163,1166,1191
4096,128,500000,10,16,60,200,rw-lock-arc-vector,1483,1475,1594,1442,1435,1548,438,436,466,1004,990,1083
4096,128,500000,10,16,10000,20000,rw-lock-vector,3330,3336,3353,1966,1965,2021,698,697,715,1267,1270,1305
4096,128,500000,10,16,10000,20000,double-moka,2149,2154,2163,1108,1110,1123,182,182,187,925,927,936
4096,128,500000,10,16,10000,20000,rw-lock-arc-vector,2828,2820,2890,1815,1805,1869,672,672,681,1143,1131,1188
4096,128,500000,12,6,60,200,rw-lock-vector,879,885,906,854,859,884,345,341,369,509,511,538
4096,128,500000,12,6,60,200,double-moka,620,620,633,594,595,603,255,255,261,338,340,345
4096,128,500000,12,6,60,200,rw-lock-arc-vector,964,967,995,938,943,968,414,416,432,522,530,543
4096,128,500000,12,6,10000,20000,rw-lock-vector,2826,2835,2954,1032,998,1279,485,466,602,546,530,676
4096,128,500000,12,6,10000,20000,double-moka,1553,1565,1592,609,612,629,173,173,181,435,438,448
4096,128,500000,12,6,10000,20000,rw-lock-arc-vector,2638,2653,2661,1804,1809,1829,836,836,852,966,972,984
4096,128,500000,12,10,60,200,rw-lock-vector,1147,1141,1191,1120,1115,1166,386,384,414,733,739,769
4096,128,500000,12,10,60,200,double-moka,670,670,674,642,642,650,126,125,134,515,517,524
4096,128,500000,12,10,60,200,rw-lock-arc-vector,1242,1258,1283,1213,1229,1255,476,478,497,735,747,767
4096,128,500000,12,10,10000,20000,rw-lock-vector,3091,3166,3348,1373,1297,1612,579,550,688,792,746,935
4096,128,500000,12,10,10000,20000,double-moka,1743,1736,1805,789,788,817,174,174,180,615,613,636
4096,128,500000,12,10,10000,20000,rw-lock-arc-vector,2799,2805,2832,1945,1946,1984,820,825,835,1124,1133,1152
4096,128,500000,12,16,60,200,rw-lock-vector,1467,1447,1543,1436,1415,1511,420,421,433,1015,993,1084
4096,128,500000,12,16,60,200,double-moka,1274,1281,1310,1235,1241,1269,77,78,82,1157,1163,1195
4096,128,500000,12,16,60,200,rw-lock-arc-vector,1634,1644,1706,1598,1607,1674,558,554,596,1039,1051,1080
4096,128,500000,12,16,10000,20000,rw-lock-vector,3327,3297,3430,1903,2022,2082,708,749,784,1194,1265,1304
4096,128,500000,12,16,10000,20000,double-moka,2015,2016,2049,1058,1054,1074,169,169,173,888,885,902
4096,128,500000,12,16,10000,20000,rw-lock-arc-vector,2958,2961,2988,2106,2106,2139,759,761,766,1347,1345,1375
4096,128,500000,16,6,60,200,rw-lock-vector,940,949,984,919,928,965,427,431,454,491,497,511
4096,128,500000,16,6,60,200,double-moka,648,646,664,625,623,642,315,316,322,309,312,323
4096,128,500000,16,6,60,200,rw-lock-arc-vector,1069,1072,1108,1045,1046,1083,528,528,545,516,516,537
4096,128,500000,16,6,10000,20000,rw-lock-vector,2878,2885,3091,923,880,1338,473,457,688,448,424,650
4096,128,500000,16,6,10000,20000,double-moka,1430,1451,1521,588,592,650,173,176,192,414,413,457
4096,128,500000,16,6,10000,20000,rw-lock-arc-vector,2675,2668,2768,1921,1910,2002,915,912,952,1005,1003,1050
4096,128,500000,16,10,60,200,rw-lock-vector,1211,1213,1264,1188,1191,1244,494,493,524,694,696,719
4096,128,500000,16,10,60,200,double-moka,691,688,723,667,662,699,202,201,211,464,461,496
4096,128,500000,16,10,60,200,rw-lock-arc-vector,1340,1346,1377,1307,1317,1336,608,608,629,698,708,726
4096,128,500000,16,10,10000,20000,rw-lock-vector,3042,3040,3292,1120,1082,1522,527,511,730,592,567,791
4096,128,500000,16,10,10000,20000,double-moka,1544,1509,1638,729,709,807,147,147,153,581,562,660
4096,128,500000,16,10,10000,20000,rw-lock-arc-vector,2835,2826,2882,2074,2076,2138,911,910,930,1162,1164,1207
4096,128,500000,16,16,60,200,rw-lock-vector,1550,1561,1592,1522,1536,1565,571,577,586,950,958,979
4096,128,500000,16,16,60,200,double-moka,1211,1228,1332,1177,1191,1303,70,70,75,1107,1120,1236
4096,128,500000,16,16,60,200,rw-lock-arc-vector,1763,1763,1855,1734,1737,1823,747,743,795,985,988,1040
4096,128,500000,16,16,10000,20000,rw-lock-vector,3288,3311,3428,1475,1437,2048,616,599,875,859,835,1173
4096,128,500000,16,16,10000,20000,double-moka,1782,1780,1825,998,995,1035,137,137,141,860,857,900
4096,128,500000,16,16,10000,20000,rw-lock-arc-vector,3057,3068,3086,2294,2300,2325,907,916,920,1386,1385,1409
4096,256,500000,6,6,60,200,rw-lock-vector,595,592,628,561,559,594,179,179,193,381,385,401
4096,256,500000,6,6,60,200,double-moka,742,735,773,699,696,732,118,117,129,580,578,602
4096,256,500000,6,6,60,200,rw-lock-arc-vector,681,683,701,646,653,661,229,229,243,416,419,436
4096,256,500000,6,6,10000,20000,rw-lock-vector,2710,2713,2733,826,824,847,345,345,356,480,480,490
4096,256,500000,6,6,10000,20000,double-moka,2540,2534,2588,820,820,839,234,234,240,585,586,599
4096,256,500000,6,6,10000,20000,rw-lock-arc-vector,2314,2312,2330,635,636,650,317,317,328,317,319,324
4096,256,500000,6,10,60,200,rw-lock-vector,751,750,786,716,717,746,180,182,195,535,537,558
4096,256,500000,6,10,60,200,double-moka,1003,1015,1039,956,969,1001,120,124,134,835,843,867
4096,256,500000,6,10,60,200,rw-lock-arc-vector,827,818,888,782,780,848,230,232,240,551,547,608
4096,256,500000,6,10,10000,20000,rw-lock-vector,2820,2829,2851,986,986,1000,365,365,369,621,620,632
4096,256,500000,6,10,10000,20000,double-moka,2654,2654,2674,994,993,1009,223,223,229,770,770,780
4096,256,500000,6,10,10000,20000,rw-lock-arc-vector,2335,2340,2354,714,717,730,316,315,328,397,401,410
4096,256,500000,6,16,60,200,rw-lock-vector,912,899,985,868,858,942,165,160,187,702,703,758
4096,256,500000,6,16,60,200,double-moka,1381,1385,1455,1327,1323,1396,120,123,135,1206,1199,1260
4096,256,500000,6,16,60,200,rw-lock-arc-vector,1048,1043,1146,996,991,1100,235,239,246,760,745,858
4096,256,500000,6,16,10000,20000,rw-lock-vector,3152,3171,3193,1264,1264,1294,405,404,416,858,859,877
4096,256,500000,6,16,10000,20000,double-moka,3044,3046,3055,1325,1325,1336,228,228,232,1096,1096,1104
4096,256,500000,6,16,10000,20000,rw-lock-arc-vector,2574,2563,2658,892,881,1002,340,337,378,551,543,623
4096,256,500000,10,6,60,200,rw-lock-vector,797,801,815,772,776,788,275,274,284,496,496,517
4096,256,500000,10,6,60,200,double-moka,600,600,614,574,575,585,198,197,205,375,375,385
4096,256,500000,10,6,60,200,rw-lock-arc-vector,917,919,950,890,891,921,367,370,379,522,521,542
4096,256,500000,10,6,10000,20000,rw-lock-vector,2493,2492,2514,1121,1120,1173,529,532,551,591,588,621
4096,256,500000,10,6,10000,20000,double-moka,1654,1638,1777,657,647,710,190,187,205,466,459,507
4096,256,500000,10,6,10000,20000,rw-lock-arc-vector,2477,2490,2509,1494,1497,1525,704,705,729,788,789,809
4096,256,500000,10,10,60,200,rw-lock-vector,1019,1025,1061,988,995,1034,300,299,315,688,691,721
4096,256,500000,10,10,60,200,double-moka,747,747,765,716,714,735,98,99,102,617,614,639
4096,256,500000,10,10,60,200,rw-lock-arc-vector,1171,1167,1233,1141,1141,1199,401,401,427,739,749,772
4096,256,500000,10,10,10000,20000,rw-lock-vector,2795,2794,2827,1376,1380,1414,581,581,603,794,797,811
4096,256,500000,10,10,10000,20000,double-moka,1902,1897,1965,849,846,881,193,193,200,655,654,681
4096,256,500000,10,10,10000,20000,rw-lock-arc-vector,2685,2687,2729,1665,1666,1706,710,712,738,954,957,974
4096,256,500000,10,16,60,200,rw-lock-vector,1276,1273,1377,1242,1244,1344,305,304,341,935,933,1002
4096,256,500000,10,16,60,200,double-moka,1234,1235,1255,1197,1196,1223,87,89,92,1110,1112,1131
4096,256,500000,10,16,60,200,rw-lock-arc-vector,1511,1511,1582,1472,1476,1539,446,444,469,1025,1031,1085
4096,256,500000,10,16,10000,20000,rw-lock-vector,2993,2988,3016,1638,1630,1703,613,614,638,1024,1017,1064
4096,256,500000,10,16,10000,20000,double-moka,2091,2089,2261,1071,1067,1151,184,183,199,886,884,952
4096,256,500000,10,16,10000,20000,rw-lock-arc-vector,2780,2747,2982,1779,1766,1957,661,649,728,1117,1111,1228
4096,256,500000,12,6,60,200,rw-lock-vector,874,874,897,850,848,877,339,336,365,511,509,527
4096,256,500000,12,6,60,200,double-moka,625,627,633,601,601,610,259,260,267,341,339,347
4096,256,500000,12,6,60,200,rw-lock-arc-vector,1002,999,1065,977,971,1036,436,433,477,540,542,559
4096,256,500000,12,6,10000,20000,rw-lock-vector,2575,2555,2833,1257,1272,1350,606,608,647,650,664,703
4096,256,500000,12,6,10000,20000,double-moka,1595,1580,1645,633,631,654,183,183,187,449,447,467
4096,256,500000,12,6,10000,20000,rw-lock-arc-vector,2657,2633,2801,1799,1794,1862,839,835,873,959,959,989
4096,256,500000,12,10,60,200,rw-lock-vector,1081,1085,1115,1056,1059,1090,361,361,377,694,687,726
4096,256,500000,12,10,60,200,double-moka,649,651,660,623,624,628,126,126,130,496,498,500
4096,256,500000,12,10,60,200,rw-lock-arc-vector,1245,1246,1294,1217,1221,1264,482,483,502,734,750,783
4096,256,500000,12,10,10000,20000,rw-lock-vector,2747,2706,2935,1404,1456,1514,614,630,667,789,825,846
4096,256,500000,12,10,10000,20000,double-moka,1714,1676,1853,765,753,827,173,171,193,591,581,643
4096,256,500000,12,10,10000,20000,rw-lock-arc-vector,2754,2760,2800,1914,1915,1965,800,798,826,1113,1113,1139
4096,256,500000,12,16,60,200,rw-lock-vector,1386,1393,1463,1357,1361,1438,398,400,435,958,962,1035
4096,256,500000,12,16,60,200,double-moka,1218,1221,1240,1181,1182,1195,75,76,80,1105,1105,1123
4096,256,500000,12,16,60,200,rw-lock-arc-vector,1643,1662,1711,1609,1630,1685,575,567,618,1034,1036,1085
4096,256,500000,12,16,10000,20000,rw-lock-vector,3001,2973,3208,1752,1777,1848,671,682,712,1080,1097,1135
4096,256,500000,12,16,10000,20000,double-moka,1921,1919,1936,987,986,1005,164,165,168,822,819,836
4096,256,500000,12,16,10000,20000,rw-lock-arc-vector,2994,2982,3158,2123,2121,2211,768,769,804,1354,1354,1406
4096,256,500000,16,6,60,200,rw-lock-vector,902,909,938,882,890,920,409,413,432,472,476,490
4096,256,500000,16,6,60,200,double-moka,633,635,661,610,614,638,311,313,320,298,300,324
4096,256,500000,16,6,60,200,rw-lock-arc-vector,1060,1067,1087,1037,1044,1066,520,523,546,515,520,536
4096,256,500000,16,6,10000,20000,rw-lock-vector,2471,2472,2616,1123,1031,1354,597,547,712,525,484,643
4096,256,500000,16,6,10000,20000,double-moka,1353,1354,1367,540,539,552,159,159,165,381,379,392
4096,256,500000,16,6,10000,20000,rw-lock-arc-vector,2637,2631,2685,1889,1885,1960,904,902,936,985,984,1024
4096,256,500000,16,10,60,200,rw-lock-vector,1134,1118,1200,1109,1093,1165,462,455,495,646,639,681
4096,256,500000,16,10,60,200,double-moka,673,674,681,649,650,658,212,212,218,437,437,453
4096,256,500000,16,10,60,200,rw-lock-arc-vector,1345,1345,1424,1320,1319,1402,612,611,649,706,708,752
4096,256,500000,16,10,10000,20000,rw-lock-vector,2591,2598,2664,1298,1249,1571,633,604,784,664,644,795
4096,256,500000,16,10,10000,20000,double-moka,1480,1483,1492,680,680,704,148,149,151,531,531,556
4096,256,500000,16,10,10000,20000,rw-lock-arc-vector,2769,2762,2813,2022,2033,2072,887,886,910,1134,1132,1165
4096,256,500000,16,16,60,200,rw-lock-vector,1462,1469,1575,1437,1444,1551,534,533,583,902,904,967
4096,256,500000,16,16,60,200,double-moka,1189,1203,1289,1149,1162,1260,75,75,82,1073,1087,1193
4096,256,500000,16,16,60,200,rw-lock-arc-vector,1751,1729,1879,1722,1697,1853,751,743,794,970,953,1059
4096,256,500000,16,16,10000,20000,rw-lock-vector,2874,2859,2972,1730,1813,1884,762,801,828,966,1011,1055
4096,256,500000,16,16,10000,20000,double-moka,1773,1737,1892,973,952,1060,142,142,148,830,810,915
4096,256,500000,16,16,10000,20000,rw-lock-arc-vector,3027,3020,3107,2263,2264,2328,892,891,927,1370,1366,1400
